Workbook

Sheet README_Istruzioni
B2: STRUMENTO DI VALUTAZIONE DEL RISCHIO STRESS LAVORO-CORRELATO (SLC)
B3: Basato su: Linee Guida INAIL 2017 | Monografia INAIL Aprile 2025 | D.Lgs. 81/08
B5: RIFERIMENTI NORMATIVI
B6: D.Lgs. 81/2008 | C6: Art. 28 c.1: obbligo di valutazione di tutti i rischi, compresi quelli da stress lavoro-correlato. Art. 28 c.1-bis: aggiornamento della valutazione in caso di modifiche organizzative significative.
B7: Accordo Europeo SLC | C7: Accordo Quadro Europeo sullo Stress sul Lavoro dell'8 ottobre 2004, recepito in Italia con l'Accordo Interconfederale del 9 giugno 2008.
B8: Accordo Stato-Regioni 21/12/2011 | C8: Indicazioni per la corretta e completa applicazione dell'art. 28 c.1-bis del D.Lgs. 81/08 in materia di stress lavoro-correlato.
B9: Linee Guida INAIL 2017 | C9: "La metodologia per la valutazione e gestione del rischio stress lavoro-correlato" — Strumento Indicatore con 35 item su scala Likert 1-5 suddivisi in 4 aree: Contenuto del Lavoro, Contesto del Lavoro, Relazioni Interpersonali, Cambiamento Organizzativo.
B10: Monografia INAIL Aprile 2025 | C10: "Modulo contestualizzato al lavoro da remoto e all'innovazione tecnologica" — Integrazione con 27 item aggiuntivi: 10 Remote Work, 15 Technostress, 2 Work-Life Balance. Da utilizzare per gruppi omogenei con modalità Smart Working o con elevato uso di tecnologie ICT.
B12: STRUTTURA DEL FILE
B13: README_Istruzioni | C13: Il presente foglio. Riferimenti normativi, avvertenze e guida operativa.
B14: Configurazione | C14: Dati organizzazione, responsabili, soglie cut-off modificabili.
B15: Gruppi_Omogenei | C15: Anagrafica dei gruppi omogenei (reparto, mansione, turno, modalità lavoro).
B16: DataEntry_Standard | C16: Inserimento anonimo delle 35 risposte — Strumento Indicatore INAIL.
B17: DataEntry_SmartICT | C17: Inserimento anonimo dei 27 item aggiuntivi (solo gruppi Smart/ICT).
B18: Calcolo_Punteggi | C18: Inversione item, punteggi per sezione, totali, confronto con cut-off.
B19: Aggregazione_Gruppi | C19: Media, DS, distribuzione frequenze per ogni gruppo omogeneo.
B20: Classificazione_Rischio | C20: Fascia di rischio: Trascurabile / Moderato / Rilevante.
B21: Report_Risultati | C21: Tabelle e grafici aggregati pronti per il DVR.
B22: Privacy_Log | C22: Traccia anonima delle compilazioni (GDPR-compliant).
B24: GUIDA OPERATIVA
B25: Passo 1 — Configurazione | C25: Compilare il foglio 'Configurazione': nome azienda, data, responsabili, n. gruppi omogenei.
B26: Passo 2 — Gruppi Omogenei | C26: Definire ogni gruppo nel foglio 'Gruppi_Omogenei' (ID, reparto, mansione, turno, modalità lavoro).
B27: Passo 3 — Raccolta dati | C27: Per ogni compilatore (anonimo) inserire le risposte nel foglio 'DataEntry_Standard'. Per gruppi Smart/ICT, utilizzare anche 'DataEntry_SmartICT'.
B28: Passo 4 — Verifica | C28: Il foglio 'Calcolo_Punteggi' aggiorna automaticamente i risultati. Verificare l'assenza di celle vuote.
B29: Passo 5 — Report | C29: Consultare 'Classificazione_Rischio' e 'Report_Risultati' per la sintesi da inserire nel DVR.
B30: Passo 6 — Rivalutazione | C30: Il sistema genera alert automatico a 24/36 mesi. Ripetere la procedura ad ogni modifica organizzativa rilevante.
B32: AVVERTENZE PRIVACY (GDPR)
B33: Anonimato | C33: Non inserire MAI nome, cognome, codice fiscale o altri dati identificativi nei fogli DataEntry. Ogni compilazione è identificata esclusivamente dall'ID Gruppo Omogeneo.
B34: Elaborazione aggregata | C34: I risultati sono elaborati e visualizzati SOLO in forma aggregata per gruppo. Non è possibile risalire alle risposte del singolo lavoratore.
B35: Base giuridica | C35: Trattamento dati ex art. 9 par. 2 lett. b) GDPR (esecuzione obblighi di legge in materia di lavoro) e D.Lgs. 81/08. Informativa da fornire ai lavoratori prima della compilazione.
B36: Responsabilità | C36: La valutazione finale spetta al Datore di Lavoro con il supporto di RSPP e Medico Competente, previo coinvolgimento dell'RLS. Il presente strumento è ausiliario e non sostituisce la valutazione esperta.

Sheet Configurazione
B1: CONFIGURAZIONE VALUTAZIONE SLC
B2: DATI ORGANIZZAZIONE
B3: Nome Organizzazione / Azienda
B4: Sede / Unità Produttiva
B5: ATECO / Settore
B6: Numero totale dipendenti
B7: Data Valutazione | C7: 46158
B8: Data Rivalutazione (24 mesi) | C8: =IF(C6<>"",C6+730,"")
B9: Alert Rivalutazione | C9: =IF(C7<>"",IF(C7-TODAY()<=90,"⚠ RIVALUTAZIONE ENTRO 90 GG","OK"),"") -> ⚠ RIVALUTAZIONE ENTRO 90 GG
B11: TEAM DI VALUTAZIONE
B12: RSPP (Nome/Qualifica)
B13: Medico Competente
B14: RLS / RLST
B15: Consulente esterno (se presente)
B17: PARAMETRI VALUTAZIONE
B18: Numero Gruppi Omogenei | C18: 1
B19: Scala risposta | C19: Likert 1-5
B21: CUT-OFF RISCHIO — STRUMENTO STANDARD (35 item)
B22: Soglia Trascurabile (max) | C22: 2.3
B23: Soglia Moderato (max) | C23: 3
B24: (Oltre soglia Moderato → Rilevante)
B26: CUT-OFF RISCHIO — MODULO SMART/ICT (27 item aggiuntivi)
B27: Soglia Trascurabile (max) — Smart/ICT | C27: 2.5
B28: Soglia Moderato (max) — Smart/ICT | C28: 3.2
B30: NOTE MC (Medico Competente)

Sheet Gruppi_Omogenei
A1: ANAGRAFICA GRUPPI OMOGENEI
A2: ID_Gruppo | B2: Reparto / Ufficio | C2: Mansione Prevalente | D2: Turno | E2: Modalità Lavoro | F2: N. Componenti | G2: Smart/ICT Attivo | H2: Note
A3: GRP-01 | G3: =IF(OR(E3="Smart Working",E3="ICT Intensivo",E3="Smart+ICT"),"SÌ","NO") -> NO
A4: GRP-02 | G4: =IF(OR(E4="Smart Working",E4="ICT Intensivo",E4="Smart+ICT"),"SÌ","NO") -> NO
A5: GRP-03 | G5: =IF(OR(E5="Smart Working",E5="ICT Intensivo",E5="Smart+ICT"),"SÌ","NO") -> NO
A6: GRP-04 | G6: =IF(OR(E6="Smart Working",E6="ICT Intensivo",E6="Smart+ICT"),"SÌ","NO") -> NO
A7: GRP-05 | G7: =IF(OR(E7="Smart Working",E7="ICT Intensivo",E7="Smart+ICT"),"SÌ","NO") -> NO
A8: GRP-06 | G8: =IF(OR(E8="Smart Working",E8="ICT Intensivo",E8="Smart+ICT"),"SÌ","NO") -> NO
A9: GRP-07 | G9: =IF(OR(E9="Smart Working",E9="ICT Intensivo",E9="Smart+ICT"),"SÌ","NO") -> NO
A10: GRP-08 | G10: =IF(OR(E10="Smart Working",E10="ICT Intensivo",E10="Smart+ICT"),"SÌ","NO") -> NO
A11: GRP-09 | G11: =IF(OR(E11="Smart Working",E11="ICT Intensivo",E11="Smart+ICT"),"SÌ","NO") -> NO
A12: GRP-10 | G12: =IF(OR(E12="Smart Working",E12="ICT Intensivo",E12="Smart+ICT"),"SÌ","NO") -> NO
A13: GRP-11 | G13: =IF(OR(E13="Smart Working",E13="ICT Intensivo",E13="Smart+ICT"),"SÌ","NO") -> NO
A14: GRP-12 | G14: =IF(OR(E14="Smart Working",E14="ICT Intensivo",E14="Smart+ICT"),"SÌ","NO") -> NO
... A22: GRP-20 | G22: =IF(OR(E22="Smart Working",E22="ICT Intensivo",E22="Smart+ICT"),"SÌ","NO") -> NO

Sheet DataEntry_Standard
A1: INSERIMENTO DATI — STRUMENTO INDICATORE INAIL (35 ITEM) — DATI ANONIMI
A2: ID_Compilazione | B2: Data_Compilazione | C2: ID_Gruppo | D2: Item01 | E2: Item02 | F2: Item03 | G2: Item04 | H2: Item05 | I2: Item06 | J2: Item07 | K2: Item08 | L2: Item09 | M2: Item10 | N2: Item11 | O2: Item12 | P2: Item13 | Q2: Item14 | R2: Item15 | S2: Item16 | T2: Item17 | U2: Item18 | V2: Item19 | W2: Item20 | X2: Item21 | Y2: Item22 | Z2: Item23 | AA2: Item24 | AB2: Item25 | AC2: Item26 | AD2: Item27 | AE2: Item28 | AF2: Item29 | AG2: Item30 | AH2: Item31 | AI2: Item32 | AJ2: Item33 | AK2: Item34 | AL2: Item35
D3: Contenuto | E3: Contenuto | F3: Contenuto | G3: Contenuto | H3: Contenuto | I3: Contenuto | J3: Contenuto | K3: Contenuto | L3: Contenuto | M3: Contenuto | N3: Contesto | O3: Contesto | P3: Contesto | Q3: Contesto | R3: Contesto | S3: Contesto | T3: Contesto | U3: Contesto | V3: Contesto | W3: Relazioni | X3: Relazioni | Y3: Relazioni | Z3: Relazioni | AA3: Relazioni | AB3: Relazioni | AC3: Relazioni | AD3: Relazioni | AE3: Cambiamento | AF3: Cambiamento | AG3: Cambiamento | AH3: Cambiamento | AI3: Cambiamento | AJ3: Equilibrio | AK3: Equilibrio | AL3: Equilibrio
A4: ID anonimo | B4: Data (gg/mm/aa) | C4: ID Gruppo | D4: [D] Chiarezza del ruolo e dei compiti | E4: [R] Sovraccarico quantitativo (carico eccessivo) | F4: [R] Monotonia / ripetitività del lavoro | G4: [D] Controllo sul metodo di lavoro (autonomia) | H4: [R] Ritmi di lavoro imposti dall'esterno | I4: [D] Adeguatezza delle competenze richieste | J4: [D] Varietà dei compiti assegnati | K4: [D] Possibilità di sviluppo professionale | L4: [D] Significatività del lavoro svolto | M4: [D] Feedback sul lavoro ricevuto | N4: [D] Chiarezza degli obiettivi organizzativi | O4: [D] Partecipazione alle decisioni che riguardano il proprio lavoro | P4: [D] Comunicazione interna adeguata | Q4: [R] Ambiguità di ruolo (conflitti di competenza) | R4: [R] Conflitto di ruolo (richieste contraddittorie) | S4: [R] Responsabilità per il lavoro altrui | T4: [D] Supporto del responsabile diretto | U4: [D] Disponibilità di risorse adeguate | V4: [D] Riconoscimento dell'impegno profuso | W4: [D] Supporto dei colleghi | X4: [R] Conflittualità interpersonale | Y4: [R] Isolamento sociale o professionale | Z4: [D] Clima di lavoro complessivo | AA4: [R] Comportamenti scorretti (mobbing/molestie) | AB4: [D] Equità nel trattamento | AC4: [D] Collaborazione nel team | AD4: [D] Rispetto e cortesia | AE4: [D] Comunicazione sui cambiamenti organizzativi | AF4: [R] Gestione delle incertezze lavorative | AG4: [D] Coinvolgimento nei processi di cambiamento | AH4: [R] Adattabilità richiesta (flessibilità eccessiva) | AI4: [D] Supporto durante le transizioni organizzative | AJ4: [D] Orario di lavoro adeguato | AK4: [R] Interferenza lavoro-vita privata | AL4: [D] Rispetto dei periodi di riposo
A5: COMP-001
A6: COMP-002
A7: COMP-003
A8: COMP-004
A9: COMP-005
A10: COMP-006
A11: COMP-007
A12: COMP-008
A13: COMP-009
A14: COMP-010
A15: COMP-011
A16: COMP-012
... A54: COMP-050

Sheet DataEntry_SmartICT
A1: INSERIMENTO DATI — MODULO SMART/ICT INAIL 2025 (27 ITEM AGGIUNTIVI) — DATI ANONIMI
A2: ID_Compilazione | B2: Data_Compilazione | C2: ID_Gruppo | D2: ICT01 | E2: ICT02 | F2: ICT03 | G2: ICT04 | H2: ICT05 | I2: ICT06 | J2: ICT07 | K2: ICT08 | L2: ICT09 | M2: ICT10 | N2: ICT11 | O2: ICT12 | P2: ICT13 | Q2: ICT14 | R2: ICT15 | S2: ICT16 | T2: ICT17 | U2: ICT18 | V2: ICT19 | W2: ICT20 | X2: ICT21 | Y2: ICT22 | Z2: ICT23 | AA2: ICT24 | AB2: ICT25 | AC2: ICT26 | AD2: ICT27
D3: Remote Work | E3: Remote Work | F3: Remote Work | G3: Remote Work | H3: Remote Work | I3: Remote Work | J3: Remote Work | K3: Remote Work | L3: Remote Work | M3: Remote Work | N3: Technostress | O3: Technostress | P3: Technostress | Q3: Technostress | R3: Technostress | S3: Technostress | T3: Technostress | U3: Technostress | V3: Technostress | W3: Technostress | X3: Technostress | Y3: Technostress | Z3: Technostress | AA3: Technostress | AB3: Technostress | AC3: Work-Life | AD3: Work-Life
D4: [D] Adeguatezza della postazione di lavoro da remoto | E4: [D] Connettività e strumenti tecnologici disponibili | F4: [R] Difficoltà di comunicazione con il team a distanza | G4: [R] Percezione di isolamento professionale | H4: [D] Capacità di gestione autonoma del tempo | I4: [D] Chiarezza degli obiettivi in modalità remota | J4: [R] Interferenza con la sfera domestica | K4: [D] Supporto del responsabile in modalità remota | L4: [R] Difficoltà di disconnessione al termine del lavoro | M4: [D] Equità percepita rispetto ai colleghi in presenza | N4: [R] Sovraccarico informativo (information overload) | O4: [R] Ansia da prestazione tecnologica | P4: [R] Difficoltà di apprendimento di nuovi software/sistemi | Q4: [R] Interruzioni frequenti causate da notifiche/alert | R4: [R] Paura di obsolescenza delle competenze digitali | S4: [R] Monitoraggio elettronico percepito come invasivo | T4: [R] Affaticamento visivo/posturale da uso prolungato ICT | U4: [R] Difficoltà a staccare dai dispositivi digitali | V4: [D] Efficacia percepita nell'uso delle tecnologie | W4: [D] Aggiornamento tecnologico adeguato alle esigenze | X4: [D] Supporto tecnico disponibile e tempestivo | Y4: [D] Trasparenza algoritmi e sistemi di supporto decisionale | Z4: [R] Preoccupazione per automazione/sostituzione AI | AA4: [R] Dipendenza percepita da sistemi automatizzati | AB4: [D] Fiducia complessiva nella tecnologia aziendale | AC4: [R] Confusione tra spazio domestico e spazio lavorativo | AD4: [D] Rispetto dei limiti orario in modalità Smart/ICT
A5: COMP-001
A6: COMP-002
A7: COMP-003
A8: COMP-004
A9: COMP-005
A10: COMP-006
A11: COMP-007
A12: COMP-008
A13: COMP-009
A14: COMP-010
A15: COMP-011
A16: COMP-012
... A54: COMP-050

Sheet Calcolo_Punteggi
A1: CALCOLO PUNTEGGI — STRUMENTO INDICATORE INAIL
A2: ID_Compilazione | B2: ID_Gruppo | C2: Punteggio_Contenuto | D2: Punteggio_Contesto | E2: Punteggio_Relazioni | F2: Punteggio_Cambiamento | G2: Punteggio_Equilibrio | H2: Totale_Standard | I2: N_Item_Critici | J2: Punteggio_SmartICT | K2: Totale_Combinato | L2: Fascia_Rischio_Std | M2: Fascia_Rischio_ICT
A3: =DataEntry_Standard!A5 -> COMP-001 | B3: =DataEntry_Standard!C5 -> 0 | C3: =IF(DataEntry_Standard!D5<>"",DataEntry_Standard!D5,0)+IF(DataEntry_Standard!E5<>"",6-DataEntry_Standard!E5,0)+IF(DataEntry_Standard!F5<>"",6-DataEntry_Standard!F5,0)+IF(DataEntry_Standard!G5<>"",DataEntry_Standard!G5,0)+IF(DataEntry_Standard!H5<>"",6-DataEntry_Standard!H5,0)+IF(DataEntry_Standard!I5<>"",DataEntry_Standard!I5,0)+IF(DataEntry_Standard!J5<>"",DataEntry_Standard!J5,0)+IF(DataEntry_Standard!K5<>"",DataEntry_Standard!K5,0)+IF(DataEntry_Standard!L5<>"",DataEntry_Standard!L5,0)+IF(DataEntry_Standard!M5<>"",DataEntry_Standard!M5,0) -> 0 | D3: =IF(DataEntry_Standard!N5<>"",DataEntry_Standard!N5,0)+IF(DataEntry_Standard!O5<>"",DataEntry_Standard!O5,0)+IF(DataEntry_Standard!P5<>"",DataEntry_Standard!P5,0)+IF(DataEntry_Standard!Q5<>"",6-DataEntry_Standard!Q5,0)+IF(DataEntry_Standard!R5<>"",6-DataEntry_Standard!R5,0)+IF(DataEntry_Standard!S5<>"",6-DataEntry_Standard!S5,0)+IF(DataEntry_Standard!T5<>"",DataEntry_Standard!T5,0)+IF(DataEntry_Standard!U5<>"",DataEntry_Standard!U5,0)+IF(DataEntry_Standard!V5<>"",DataEntry_Standard!V5,0) -> 0 | E3: =IF(DataEntry_Standard!W5<>"",DataEntry_Standard!W5,0)+IF(DataEntry_Standard!X5<>"",6-DataEntry_Standard!X5,0)+IF(DataEntry_Standard!Y5<>"",6-DataEntry_Standard!Y5,0)+IF(DataEntry_Standard!Z5<>"",DataEntry_Standard!Z5,0)+IF(DataEntry_Standard!AA5<>"",6-DataEntry_Standard!AA5,0)+IF(DataEntry_Standard!AB5<>"",DataEntry_Standard!AB5,0)+IF(DataEntry_Standard!AC5<>"",DataEntry_Standard!AC5,0)+IF(DataEntry_Standard!AD5<>"",DataEntry_Standard!AD5,0) -> 0 | F3: =IF(DataEntry_Standard!AE5<>"",DataEntry_Standard!AE5,0)+IF(DataEntry_Standard!AF5<>"",DataEntry_Standard!AF5,0)+IF(DataEntry_Standard!AG5<>"",6-DataEntry_Standard!AG5,0)+IF(DataEntry_Standard!AH5<>"",DataEntry_Standard!AH5,0)+IF(DataEntry_Standard!AI5<>"",6-DataEntry_Standard!AI5,0) -> 0 | G3: =IF(DataEntry_Standard!AJ5<>"",DataEntry_Standard!AJ5,0)+IF(DataEntry_Standard!AK5<>"",6-DataEntry_Standard!AK5,0)+IF(DataEntry_Standard!AL5<>"",DataEntry_Standard!AL5,0) -> 0 | H3: =IF(A3<>"",C3+D3+E3+F3+G3,"") -> 0 | I3: =IF(DataEntry_Standard!D5>=4,1,0)+IF(DataEntry_Standard!G5>=4,1,0)+IF(DataEntry_Standard!I5>=4,1,0)+IF(DataEntry_Standard!J5>=4,1,0)+IF(DataEntry_Standard!K5>=4,1,0)+IF(DataEntry_Standard!L5>=4,1,0)+IF(DataEntry_Standard!M5>=4,1,0)+IF(DataEntry_Standard!N5>=4,1,0)+IF(DataEntry_Standard!O5>=4,1,0)+IF(DataEntry_Standard!P5>=4,1,0)+IF(DataEntry_Standard!T5>=4,1,0)+IF(DataEntry_Standard!U5>=4,1,0)+IF(DataEntry_Standard!V5>=4,1,0)+IF(DataEntry_Standard!W5>=4,1,0)+IF(DataEntry_Standard!Z5>=4,1,0)+IF(DataEntry_Standard!AB5>=4,1,0)+IF(DataEntry_Standard!AC5>=4,1,0)+IF(DataEntry_Standard!AD5>=4,1,0)+IF(DataEntry_Standard!AE5>=4,1,0)+IF(DataEntry_Standard!AF5>=4,1,0)+IF(DataEntry_Standard!AH5>=4,1,0)+IF(DataEntry_Standard!AJ5>=4,1,0)+IF(DataEntry_Standard!AL5>=4,1,0)+IF(DataEntry_Standard!AI5<=2,1,0)+IF(DataEntry_Standard!E5<=2,1,0)+IF(DataEntry_Standard!F5<=2,1,0)+IF(DataEntry_Standard!AK5<=2,1,0)+IF(DataEntry_Standard!H5<=2,1,0)+IF(DataEntry_Standard!Q5<=2,1,0)+IF(DataEntry_Standard!R5<=2,1,0)+IF(DataEntry_Standard!S5<=2,1,0)+IF(DataEntry_Standard!X5<=2,1,0)+IF(DataEntry_Standard!Y5<=2,1,0)+IF(DataEntry_Standard!AA5<=2,1,0)+IF(DataEntry_Standard!AG5<=2,1,0) -> 12 | J3: =IF(DataEntry_SmartICT!D5<>"",DataEntry_SmartICT!D5,0)+IF(DataEntry_SmartICT!E5<>"",DataEntry_SmartICT!E5,0)+IF(DataEntry_SmartICT!F5<>"",6-DataEntry_SmartICT!F5,0)+IF(DataEntry_SmartICT!G5<>"",6-DataEntry_SmartICT!G5,0)+IF(DataEntry_SmartICT!H5<>"",DataEntry_SmartICT!H5,0)+IF(DataEntry_SmartICT!I5<>"",DataEntry_SmartICT!I5,0)+IF(DataEntry_SmartICT!J5<>"",6-DataEntry_SmartICT!J5,0)+IF(DataEntry_SmartICT!K5<>"",DataEntry_SmartICT!K5,0)+IF(DataEntry_SmartICT!L5<>"",6-DataEntry_SmartICT!L5,0)+IF(DataEntry_SmartICT!M5<>"",DataEntry_SmartICT!M5,0)+IF(DataEntry_SmartICT!N5<>"",6-DataEntry_SmartICT!N5,0)+IF(DataEntry_SmartICT!O5<>"",6-DataEntry_SmartICT!O5,0)+IF(DataEntry_SmartICT!P5<>"",6-DataEntry_SmartICT!P5,0)+IF(DataEntry_SmartICT!Q5<>"",6-DataEntry_SmartICT!Q5,0)+IF(DataEntry_SmartICT!R5<>"",6-DataEntry_SmartICT!R5,0)+IF(DataEntry_SmartICT!S5<>"",6-DataEntry_SmartICT!S5,0)+IF(DataEntry_SmartICT!T5<>"",6-DataEntry_SmartICT!T5,0)+IF(DataEntry_SmartICT!U5<>"",6-DataEntry_SmartICT!U5,0)+IF(DataEntry_SmartICT!V5<>"",DataEntry_SmartICT!V5,0)+IF(DataEntry_SmartICT!W5<>"",DataEntry_SmartICT!W5,0)+IF(DataEntry_SmartICT!X5<>"",DataEntry_SmartICT!X5,0)+IF(DataEntry_SmartICT!Y5<>"",6-DataEntry_SmartICT!Y5,0)+IF(DataEntry_SmartICT!Z5<>"",6-DataEntry_SmartICT!Z5,0)+IF(DataEntry_SmartICT!AA5<>"",DataEntry_SmartICT!AA5,0)+IF(DataEntry_SmartICT!AB5<>"",DataEntry_SmartICT!AB5,0)+IF(DataEntry_SmartICT!AC5<>"",6-DataEntry_SmartICT!AC5,0)+IF(DataEntry_SmartICT!AD5<>"",DataEntry_SmartICT!AD5,0) -> 0 | K3: =IF(H3<>"",IFERROR(H3+J3,H3),"") -> 0 | L3: =IF(H3="","",IF(H3/35<=Configurazione!C21,"Trascurabile",IF(H3/35<=Configurazione!C22,"Moderato","Rilevante"))) -> Trascurabile | M3: =IF(J3=0,"N/A",IF(J3/27<=Configurazione!C26,"Trascurabile",IF(J3/27<=Configurazione!C27,"Moderato","Rilevante"))) -> N/A
A4: =DataEntry_Standard!A6 -> COMP-002 | B4: =DataEntry_Standard!C6 -> 0 | C4: =IF(DataEntry_Standard!D6<>"",DataEntry_Standard!D6,0)+IF(DataEntry_Standard!E6<>"",6-DataEntry_Standard!E6,0)+IF(DataEntry_Standard!F6<>"",6-DataEntry_Standard!F6,0)+IF(DataEntry_Standard!G6<>"",DataEntry_Standard!G6,0)+IF(DataEntry_Standard!H6<>"",6-DataEntry_Standard!H6,0)+IF(DataEntry_Standard!I6<>"",DataEntry_Standard!I6,0)+IF(DataEntry_Standard!J6<>"",DataEntry_Standard!J6,0)+IF(DataEntry_Standard!K6<>"",DataEntry_Standard!K6,0)+IF(DataEntry_Standard!L6<>"",DataEntry_Standard!L6,0)+IF(DataEntry_Standard!M6<>"",DataEntry_Standard!M6,0) -> 0 | D4: =IF(DataEntry_Standard!N6<>"",DataEntry_Standard!N6,0)+IF(DataEntry_Standard!O6<>"",DataEntry_Standard!O6,0)+IF(DataEntry_Standard!P6<>"",DataEntry_Standard!P6,0)+IF(DataEntry_Standard!Q6<>"",6-DataEntry_Standard!Q6,0)+IF(DataEntry_Standard!R6<>"",6-DataEntry_Standard!R6,0)+IF(DataEntry_Standard!S6<>"",6-DataEntry_Standard!S6,0)+IF(DataEntry_Standard!T6<>"",DataEntry_Standard!T6,0)+IF(DataEntry_Standard!U6<>"",DataEntry_Standard!U6,0)+IF(DataEntry_Standard!V6<>"",DataEntry_Standard!V6,0) -> 0 | E4: =IF(DataEntry_Standard!W6<>"",DataEntry_Standard!W6,0)+IF(DataEntry_Standard!X6<>"",6-DataEntry_Standard!X6,0)+IF(DataEntry_Standard!Y6<>"",6-DataEntry_Standard!Y6,0)+IF(DataEntry_Standard!Z6<>"",DataEntry_Standard!Z6,0)+IF(DataEntry_Standard!AA6<>"",6-DataEntry_Standard!AA6,0)+IF(DataEntry_Standard!AB6<>"",DataEntry_Standard!AB6,0)+IF(DataEntry_Standard!AC6<>"",DataEntry_Standard!AC6,0)+IF(DataEntry_Standard!AD6<>"",DataEntry_Standard!AD6,0) -> 0 | F4: =IF(DataEntry_Standard!AE6<>"",DataEntry_Standard!AE6,0)+IF(DataEntry_Standard!AF6<>"",DataEntry_Standard!AF6,0)+IF(DataEntry_Standard!AG6<>"",6-DataEntry_Standard!AG6,0)+IF(DataEntry_Standard!AH6<>"",DataEntry_Standard!AH6,0)+IF(DataEntry_Standard!AI6<>"",6-DataEntry_Standard!AI6,0) -> 0 | G4: =IF(DataEntry_Standard!AJ6<>"",DataEntry_Standard!AJ6,0)+IF(DataEntry_Standard!AK6<>"",6-DataEntry_Standard!AK6,0)+IF(DataEntry_Standard!AL6<>"",DataEntry_Standard!AL6,0) -> 0 | H4: =IF(A4<>"",C4+D4+E4+F4+G4,"") -> 0 | I4: =IF(DataEntry_Standard!D6>=4,1,0)+IF(DataEntry_Standard!G6>=4,1,0)+IF(DataEntry_Standard!I6>=4,1,0)+IF(DataEntry_Standard!J6>=4,1,0)+IF(DataEntry_Standard!K6>=4,1,0)+IF(DataEntry_Standard!L6>=4,1,0)+IF(DataEntry_Standard!M6>=4,1,0)+IF(DataEntry_Standard!N6>=4,1,0)+IF(DataEntry_Standard!O6>=4,1,0)+IF(DataEntry_Standard!P6>=4,1,0)+IF(DataEntry_Standard!T6>=4,1,0)+IF(DataEntry_Standard!U6>=4,1,0)+IF(DataEntry_Standard!V6>=4,1,0)+IF(DataEntry_Standard!W6>=4,1,0)+IF(DataEntry_Standard!Z6>=4,1,0)+IF(DataEntry_Standard!AB6>=4,1,0)+IF(DataEntry_Standard!AC6>=4,1,0)+IF(DataEntry_Standard!AD6>=4,1,0)+IF(DataEntry_Standard!AE6>=4,1,0)+IF(DataEntry_Standard!AF6>=4,1,0)+IF(DataEntry_Standard!AH6>=4,1,0)+IF(DataEntry_Standard!AJ6>=4,1,0)+IF(DataEntry_Standard!AL6>=4,1,0)+IF(DataEntry_Standard!AI6<=2,1,0)+IF(DataEntry_Standard!E6<=2,1,0)+IF(DataEntry_Standard!F6<=2,1,0)+IF(DataEntry_Standard!AK6<=2,1,0)+IF(DataEntry_Standard!H6<=2,1,0)+IF(DataEntry_Standard!Q6<=2,1,0)+IF(DataEntry_Standard!R6<=2,1,0)+IF(DataEntry_Standard!S6<=2,1,0)+IF(DataEntry_Standard!X6<=2,1,0)+IF(DataEntry_Standard!Y6<=2,1,0)+IF(DataEntry_Standard!AA6<=2,1,0)+IF(DataEntry_Standard!AG6<=2,1,0) -> 12 | J4: =IF(DataEntry_SmartICT!D6<>"",DataEntry_SmartICT!D6,0)+IF(DataEntry_SmartICT!E6<>"",DataEntry_SmartICT!E6,0)+IF(DataEntry_SmartICT!F6<>"",6-DataEntry_SmartICT!F6,0)+IF(DataEntry_SmartICT!G6<>"",6-DataEntry_SmartICT!G6,0)+IF(DataEntry_SmartICT!H6<>"",DataEntry_SmartICT!H6,0)+IF(DataEntry_SmartICT!I6<>"",DataEntry_SmartICT!I6,0)+IF(DataEntry_SmartICT!J6<>"",6-DataEntry_SmartICT!J6,0)+IF(DataEntry_SmartICT!K6<>"",DataEntry_SmartICT!K6,0)+IF(DataEntry_SmartICT!L6<>"",6-DataEntry_SmartICT!L6,0)+IF(DataEntry_SmartICT!M6<>"",DataEntry_SmartICT!M6,0)+IF(DataEntry_SmartICT!N6<>"",6-DataEntry_SmartICT!N6,0)+IF(DataEntry_SmartICT!O6<>"",6-DataEntry_SmartICT!O6,0)+IF(DataEntry_SmartICT!P6<>"",6-DataEntry_SmartICT!P6,0)+IF(DataEntry_SmartICT!Q6<>"",6-DataEntry_SmartICT!Q6,0)+IF(DataEntry_SmartICT!R6<>"",6-DataEntry_SmartICT!R6,0)+IF(DataEntry_SmartICT!S6<>"",6-DataEntry_SmartICT!S6,0)+IF(DataEntry_SmartICT!T6<>"",6-DataEntry_SmartICT!T6,0)+IF(DataEntry_SmartICT!U6<>"",6-DataEntry_SmartICT!U6,0)+IF(DataEntry_SmartICT!V6<>"",DataEntry_SmartICT!V6,0)+IF(DataEntry_SmartICT!W6<>"",DataEntry_SmartICT!W6,0)+IF(DataEntry_SmartICT!X6<>"",DataEntry_SmartICT!X6,0)+IF(DataEntry_SmartICT!Y6<>"",6-DataEntry_SmartICT!Y6,0)+IF(DataEntry_SmartICT!Z6<>"",6-DataEntry_SmartICT!Z6,0)+IF(DataEntry_SmartICT!AA6<>"",DataEntry_SmartICT!AA6,0)+IF(DataEntry_SmartICT!AB6<>"",DataEntry_SmartICT!AB6,0)+IF(DataEntry_SmartICT!AC6<>"",6-DataEntry_SmartICT!AC6,0)+IF(DataEntry_SmartICT!AD6<>"",DataEntry_SmartICT!AD6,0) -> 0 | K4: =IF(H4<>"",IFERROR(H4+J4,H4),"") -> 0 | L4: =IF(H4="","",IF(H4/35<=Configurazione!C21,"Trascurabile",IF(H4/35<=Configurazione!C22,"Moderato","Rilevante"))) -> Trascurabile | M4: =IF(J4=0,"N/A",IF(J4/27<=Configurazione!C26,"Trascurabile",IF(J4/27<=Configurazione!C27,"Moderato","Rilevante"))) -> N/A
A5: =DataEntry_Standard!A7 -> COMP-003 | B5: =DataEntry_Standard!C7 -> 0 | C5: =IF(DataEntry_Standard!D7<>"",DataEntry_Standard!D7,0)+IF(DataEntry_Standard!E7<>"",6-DataEntry_Standard!E7,0)+IF(DataEntry_Standard!F7<>"",6-DataEntry_Standard!F7,0)+IF(DataEntry_Standard!G7<>"",DataEntry_Standard!G7,0)+IF(DataEntry_Standard!H7<>"",6-DataEntry_Standard!H7,0)+IF(DataEntry_Standard!I7<>"",DataEntry_Standard!I7,0)+IF(DataEntry_Standard!J7<>"",DataEntry_Standard!J7,0)+IF(DataEntry_Standard!K7<>"",DataEntry_Standard!K7,0)+IF(DataEntry_Standard!L7<>"",DataEntry_Standard!L7,0)+IF(DataEntry_Standard!M7<>"",DataEntry_Standard!M7,0) -> 0 | D5: =IF(DataEntry_Standard!N7<>"",DataEntry_Standard!N7,0)+IF(DataEntry_Standard!O7<>"",DataEntry_Standard!O7,0)+IF(DataEntry_Standard!P7<>"",DataEntry_Standard!P7,0)+IF(DataEntry_Standard!Q7<>"",6-DataEntry_Standard!Q7,0)+IF(DataEntry_Standard!R7<>"",6-DataEntry_Standard!R7,0)+IF(DataEntry_Standard!S7<>"",6-DataEntry_Standard!S7,0)+IF(DataEntry_Standard!T7<>"",DataEntry_Standard!T7,0)+IF(DataEntry_Standard!U7<>"",DataEntry_Standard!U7,0)+IF(DataEntry_Standard!V7<>"",DataEntry_Standard!V7,0) -> 0 | E5: =IF(DataEntry_Standard!W7<>"",DataEntry_Standard!W7,0)+IF(DataEntry_Standard!X7<>"",6-DataEntry_Standard!X7,0)+IF(DataEntry_Standard!Y7<>"",6-DataEntry_Standard!Y7,0)+IF(DataEntry_Standard!Z7<>"",DataEntry_Standard!Z7,0)+IF(DataEntry_Standard!AA7<>"",6-DataEntry_Standard!AA7,0)+IF(DataEntry_Standard!AB7<>"",DataEntry_Standard!AB7,0)+IF(DataEntry_Standard!AC7<>"",DataEntry_Standard!AC7,0)+IF(DataEntry_Standard!AD7<>"",DataEntry_Standard!AD7,0) -> 0 | F5: =IF(DataEntry_Standard!AE7<>"",DataEntry_Standard!AE7,0)+IF(DataEntry_Standard!AF7<>"",DataEntry_Standard!AF7,0)+IF(DataEntry_Standard!AG7<>"",6-DataEntry_Standard!AG7,0)+IF(DataEntry_Standard!AH7<>"",DataEntry_Standard!AH7,0)+IF(DataEntry_Standard!AI7<>"",6-DataEntry_Standard!AI7,0) -> 0 | G5: =IF(DataEntry_Standard!AJ7<>"",DataEntry_Standard!AJ7,0)+IF(DataEntry_Standard!AK7<>"",6-DataEntry_Standard!AK7,0)+IF(DataEntry_Standard!AL7<>"",DataEntry_Standard!AL7,0) -> 0 | H5: =IF(A5<>"",C5+D5+E5+F5+G5,"") -> 0 | I5: =IF(DataEntry_Standard!D7>=4,1,0)+IF(DataEntry_Standard!G7>=4,1,0)+IF(DataEntry_Standard!I7>=4,1,0)+IF(DataEntry_Standard!J7>=4,1,0)+IF(DataEntry_Standard!K7>=4,1,0)+IF(DataEntry_Standard!L7>=4,1,0)+IF(DataEntry_Standard!M7>=4,1,0)+IF(DataEntry_Standard!N7>=4,1,0)+IF(DataEntry_Standard!O7>=4,1,0)+IF(DataEntry_Standard!P7>=4,1,0)+IF(DataEntry_Standard!T7>=4,1,0)+IF(DataEntry_Standard!U7>=4,1,0)+IF(DataEntry_Standard!V7>=4,1,0)+IF(DataEntry_Standard!W7>=4,1,0)+IF(DataEntry_Standard!Z7>=4,1,0)+IF(DataEntry_Standard!AB7>=4,1,0)+IF(DataEntry_Standard!AC7>=4,1,0)+IF(DataEntry_Standard!AD7>=4,1,0)+IF(DataEntry_Standard!AE7>=4,1,0)+IF(DataEntry_Standard!AF7>=4,1,0)+IF(DataEntry_Standard!AH7>=4,1,0)+IF(DataEntry_Standard!AJ7>=4,1,0)+IF(DataEntry_Standard!AL7>=4,1,0)+IF(DataEntry_Standard!AI7<=2,1,0)+IF(DataEntry_Standard!E7<=2,1,0)+IF(DataEntry_Standard!F7<=2,1,0)+IF(DataEntry_Standard!AK7<=2,1,0)+IF(DataEntry_Standard!H7<=2,1,0)+IF(DataEntry_Standard!Q7<=2,1,0)+IF(DataEntry_Standard!R7<=2,1,0)+IF(DataEntry_Standard!S7<=2,1,0)+IF(DataEntry_Standard!X7<=2,1,0)+IF(DataEntry_Standard!Y7<=2,1,0)+IF(DataEntry_Standard!AA7<=2,1,0)+IF(DataEntry_Standard!AG7<=2,1,0) -> 12 | J5: =IF(DataEntry_SmartICT!D7<>"",DataEntry_SmartICT!D7,0)+IF(DataEntry_SmartICT!E7<>"",DataEntry_SmartICT!E7,0)+IF(DataEntry_SmartICT!F7<>"",6-DataEntry_SmartICT!F7,0)+IF(DataEntry_SmartICT!G7<>"",6-DataEntry_SmartICT!G7,0)+IF(DataEntry_SmartICT!H7<>"",DataEntry_SmartICT!H7,0)+IF(DataEntry_SmartICT!I7<>"",DataEntry_SmartICT!I7,0)+IF(DataEntry_SmartICT!J7<>"",6-DataEntry_SmartICT!J7,0)+IF(DataEntry_SmartICT!K7<>"",DataEntry_SmartICT!K7,0)+IF(DataEntry_SmartICT!L7<>"",6-DataEntry_SmartICT!L7,0)+IF(DataEntry_SmartICT!M7<>"",DataEntry_SmartICT!M7,0)+IF(DataEntry_SmartICT!N7<>"",6-DataEntry_SmartICT!N7,0)+IF(DataEntry_SmartICT!O7<>"",6-DataEntry_SmartICT!O7,0)+IF(DataEntry_SmartICT!P7<>"",6-DataEntry_SmartICT!P7,0)+IF(DataEntry_SmartICT!Q7<>"",6-DataEntry_SmartICT!Q7,0)+IF(DataEntry_SmartICT!R7<>"",6-DataEntry_SmartICT!R7,0)+IF(DataEntry_SmartICT!S7<>"",6-DataEntry_SmartICT!S7,0)+IF(DataEntry_SmartICT!T7<>"",6-DataEntry_SmartICT!T7,0)+IF(DataEntry_SmartICT!U7<>"",6-DataEntry_SmartICT!U7,0)+IF(DataEntry_SmartICT!V7<>"",DataEntry_SmartICT!V7,0)+IF(DataEntry_SmartICT!W7<>"",DataEntry_SmartICT!W7,0)+IF(DataEntry_SmartICT!X7<>"",DataEntry_SmartICT!X7,0)+IF(DataEntry_SmartICT!Y7<>"",6-DataEntry_SmartICT!Y7,0)+IF(DataEntry_SmartICT!Z7<>"",6-DataEntry_SmartICT!Z7,0)+IF(DataEntry_SmartICT!AA7<>"",DataEntry_SmartICT!AA7,0)+IF(DataEntry_SmartICT!AB7<>"",DataEntry_SmartICT!AB7,0)+IF(DataEntry_SmartICT!AC7<>"",6-DataEntry_SmartICT!AC7,0)+IF(DataEntry_SmartICT!AD7<>"",DataEntry_SmartICT!AD7,0) -> 0 | K5: =IF(H5<>"",IFERROR(H5+J5,H5),"") -> 0 | L5: =IF(H5="","",IF(H5/35<=Configurazione!C21,"Trascurabile",IF(H5/35<=Configurazione!C22,"Moderato","Rilevante"))) -> Trascurabile | M5: =IF(J5=0,"N/A",IF(J5/27<=Configurazione!C26,"Trascurabile",IF(J5/27<=Configurazione!C27,"Moderato","Rilevante"))) -> N/A
A6: =DataEntry_Standard!A8 -> COMP-004 | B6: =DataEntry_Standard!C8 -> 0 | C6: =IF(DataEntry_Standard!D8<>"",DataEntry_Standard!D8,0)+IF(DataEntry_Standard!E8<>"",6-DataEntry_Standard!E8,0)+IF(DataEntry_Standard!F8<>"",6-DataEntry_Standard!F8,0)+IF(DataEntry_Standard!G8<>"",DataEntry_Standard!G8,0)+IF(DataEntry_Standard!H8<>"",6-DataEntry_Standard!H8,0)+IF(DataEntry_Standard!I8<>"",DataEntry_Standard!I8,0)+IF(DataEntry_Standard!J8<>"",DataEntry_Standard!J8,0)+IF(DataEntry_Standard!K8<>"",DataEntry_Standard!K8,0)+IF(DataEntry_Standard!L8<>"",DataEntry_Standard!L8,0)+IF(DataEntry_Standard!M8<>"",DataEntry_Standard!M8,0) -> 0 | D6: =IF(DataEntry_Standard!N8<>"",DataEntry_Standard!N8,0)+IF(DataEntry_Standard!O8<>"",DataEntry_Standard!O8,0)+IF(DataEntry_Standard!P8<>"",DataEntry_Standard!P8,0)+IF(DataEntry_Standard!Q8<>"",6-DataEntry_Standard!Q8,0)+IF(DataEntry_Standard!R8<>"",6-DataEntry_Standard!R8,0)+IF(DataEntry_Standard!S8<>"",6-DataEntry_Standard!S8,0)+IF(DataEntry_Standard!T8<>"",DataEntry_Standard!T8,0)+IF(DataEntry_Standard!U8<>"",DataEntry_Standard!U8,0)+IF(DataEntry_Standard!V8<>"",DataEntry_Standard!V8,0) -> 0 | E6: =IF(DataEntry_Standard!W8<>"",DataEntry_Standard!W8,0)+IF(DataEntry_Standard!X8<>"",6-DataEntry_Standard!X8,0)+IF(DataEntry_Standard!Y8<>"",6-DataEntry_Standard!Y8,0)+IF(DataEntry_Standard!Z8<>"",DataEntry_Standard!Z8,0)+IF(DataEntry_Standard!AA8<>"",6-DataEntry_Standard!AA8,0)+IF(DataEntry_Standard!AB8<>"",DataEntry_Standard!AB8,0)+IF(DataEntry_Standard!AC8<>"",DataEntry_Standard!AC8,0)+IF(DataEntry_Standard!AD8<>"",DataEntry_Standard!AD8,0) -> 0 | F6: =IF(DataEntry_Standard!AE8<>"",DataEntry_Standard!AE8,0)+IF(DataEntry_Standard!AF8<>"",DataEntry_Standard!AF8,0)+IF(DataEntry_Standard!AG8<>"",6-DataEntry_Standard!AG8,0)+IF(DataEntry_Standard!AH8<>"",DataEntry_Standard!AH8,0)+IF(DataEntry_Standard!AI8<>"",6-DataEntry_Standard!AI8,0) -> 0 | G6: =IF(DataEntry_Standard!AJ8<>"",DataEntry_Standard!AJ8,0)+IF(DataEntry_Standard!AK8<>"",6-DataEntry_Standard!AK8,0)+IF(DataEntry_Standard!AL8<>"",DataEntry_Standard!AL8,0) -> 0 | H6: =IF(A6<>"",C6+D6+E6+F6+G6,"") -> 0 | I6: =IF(DataEntry_Standard!D8>=4,1,0)+IF(DataEntry_Standard!G8>=4,1,0)+IF(DataEntry_Standard!I8>=4,1,0)+IF(DataEntry_Standard!J8>=4,1,0)+IF(DataEntry_Standard!K8>=4,1,0)+IF(DataEntry_Standard!L8>=4,1,0)+IF(DataEntry_Standard!M8>=4,1,0)+IF(DataEntry_Standard!N8>=4,1,0)+IF(DataEntry_Standard!O8>=4,1,0)+IF(DataEntry_Standard!P8>=4,1,0)+IF(DataEntry_Standard!T8>=4,1,0)+IF(DataEntry_Standard!U8>=4,1,0)+IF(DataEntry_Standard!V8>=4,1,0)+IF(DataEntry_Standard!W8>=4,1,0)+IF(DataEntry_Standard!Z8>=4,1,0)+IF(DataEntry_Standard!AB8>=4,1,0)+IF(DataEntry_Standard!AC8>=4,1,0)+IF(DataEntry_Standard!AD8>=4,1,0)+IF(DataEntry_Standard!AE8>=4,1,0)+IF(DataEntry_Standard!AF8>=4,1,0)+IF(DataEntry_Standard!AH8>=4,1,0)+IF(DataEntry_Standard!AJ8>=4,1,0)+IF(DataEntry_Standard!AL8>=4,1,0)+IF(DataEntry_Standard!AI8<=2,1,0)+IF(DataEntry_Standard!E8<=2,1,0)+IF(DataEntry_Standard!F8<=2,1,0)+IF(DataEntry_Standard!AK8<=2,1,0)+IF(DataEntry_Standard!H8<=2,1,0)+IF(DataEntry_Standard!Q8<=2,1,0)+IF(DataEntry_Standard!R8<=2,1,0)+IF(DataEntry_Standard!S8<=2,1,0)+IF(DataEntry_Standard!X8<=2,1,0)+IF(DataEntry_Standard!Y8<=2,1,0)+IF(DataEntry_Standard!AA8<=2,1,0)+IF(DataEntry_Standard!AG8<=2,1,0) -> 12 | J6: =IF(DataEntry_SmartICT!D8<>"",DataEntry_SmartICT!D8,0)+IF(DataEntry_SmartICT!E8<>"",DataEntry_SmartICT!E8,0)+IF(DataEntry_SmartICT!F8<>"",6-DataEntry_SmartICT!F8,0)+IF(DataEntry_SmartICT!G8<>"",6-DataEntry_SmartICT!G8,0)+IF(DataEntry_SmartICT!H8<>"",DataEntry_SmartICT!H8,0)+IF(DataEntry_SmartICT!I8<>"",DataEntry_SmartICT!I8,0)+IF(DataEntry_SmartICT!J8<>"",6-DataEntry_SmartICT!J8,0)+IF(DataEntry_SmartICT!K8<>"",DataEntry_SmartICT!K8,0)+IF(DataEntry_SmartICT!L8<>"",6-DataEntry_SmartICT!L8,0)+IF(DataEntry_SmartICT!M8<>"",DataEntry_SmartICT!M8,0)+IF(DataEntry_SmartICT!N8<>"",6-DataEntry_SmartICT!N8,0)+IF(DataEntry_SmartICT!O8<>"",6-DataEntry_SmartICT!O8,0)+IF(DataEntry_SmartICT!P8<>"",6-DataEntry_SmartICT!P8,0)+IF(DataEntry_SmartICT!Q8<>"",6-DataEntry_SmartICT!Q8,0)+IF(DataEntry_SmartICT!R8<>"",6-DataEntry_SmartICT!R8,0)+IF(DataEntry_SmartICT!S8<>"",6-DataEntry_SmartICT!S8,0)+IF(DataEntry_SmartICT!T8<>"",6-DataEntry_SmartICT!T8,0)+IF(DataEntry_SmartICT!U8<>"",6-DataEntry_SmartICT!U8,0)+IF(DataEntry_SmartICT!V8<>"",DataEntry_SmartICT!V8,0)+IF(DataEntry_SmartICT!W8<>"",DataEntry_SmartICT!W8,0)+IF(DataEntry_SmartICT!X8<>"",DataEntry_SmartICT!X8,0)+IF(DataEntry_SmartICT!Y8<>"",6-DataEntry_SmartICT!Y8,0)+IF(DataEntry_SmartICT!Z8<>"",6-DataEntry_SmartICT!Z8,0)+IF(DataEntry_SmartICT!AA8<>"",DataEntry_SmartICT!AA8,0)+IF(DataEntry_SmartICT!AB8<>"",DataEntry_SmartICT!AB8,0)+IF(DataEntry_SmartICT!AC8<>"",6-DataEntry_SmartICT!AC8,0)+IF(DataEntry_SmartICT!AD8<>"",DataEntry_SmartICT!AD8,0) -> 0 | K6: =IF(H6<>"",IFERROR(H6+J6,H6),"") -> 0 | L6: =IF(H6="","",IF(H6/35<=Configurazione!C21,"Trascurabile",IF(H6/35<=Configurazione!C22,"Moderato","Rilevante"))) -> Trascurabile | M6: =IF(J6=0,"N/A",IF(J6/27<=Configurazione!C26,"Trascurabile",IF(J6/27<=Configurazione!C27,"Moderato","Rilevante"))) -> N/A
A7: =DataEntry_Standard!A9 -> COMP-005 | B7: =DataEntry_Standard!C9 -> 0 | C7: =IF(DataEntry_Standard!D9<>"",DataEntry_Standard!D9,0)+IF(DataEntry_Standard!E9<>"",6-DataEntry_Standard!E9,0)+IF(DataEntry_Standard!F9<>"",6-DataEntry_Standard!F9,0)+IF(DataEntry_Standard!G9<>"",DataEntry_Standard!G9,0)+IF(DataEntry_Standard!H9<>"",6-DataEntry_Standard!H9,0)+IF(DataEntry_Standard!I9<>"",DataEntry_Standard!I9,0)+IF(DataEntry_Standard!J9<>"",DataEntry_Standard!J9,0)+IF(DataEntry_Standard!K9<>"",DataEntry_Standard!K9,0)+IF(DataEntry_Standard!L9<>"",DataEntry_Standard!L9,0)+IF(DataEntry_Standard!M9<>"",DataEntry_Standard!M9,0) -> 0 | D7: =IF(DataEntry_Standard!N9<>"",DataEntry_Standard!N9,0)+IF(DataEntry_Standard!O9<>"",DataEntry_Standard!O9,0)+IF(DataEntry_Standard!P9<>"",DataEntry_Standard!P9,0)+IF(DataEntry_Standard!Q9<>"",6-DataEntry_Standard!Q9,0)+IF(DataEntry_Standard!R9<>"",6-DataEntry_Standard!R9,0)+IF(DataEntry_Standard!S9<>"",6-DataEntry_Standard!S9,0)+IF(DataEntry_Standard!T9<>"",DataEntry_Standard!T9,0)+IF(DataEntry_Standard!U9<>"",DataEntry_Standard!U9,0)+IF(DataEntry_Standard!V9<>"",DataEntry_Standard!V9,0) -> 0 | E7: =IF(DataEntry_Standard!W9<>"",DataEntry_Standard!W9,0)+IF(DataEntry_Standard!X9<>"",6-DataEntry_Standard!X9,0)+IF(DataEntry_Standard!Y9<>"",6-DataEntry_Standard!Y9,0)+IF(DataEntry_Standard!Z9<>"",DataEntry_Standard!Z9,0)+IF(DataEntry_Standard!AA9<>"",6-DataEntry_Standard!AA9,0)+IF(DataEntry_Standard!AB9<>"",DataEntry_Standard!AB9,0)+IF(DataEntry_Standard!AC9<>"",DataEntry_Standard!AC9,0)+IF(DataEntry_Standard!AD9<>"",DataEntry_Standard!AD9,0) -> 0 | F7: =IF(DataEntry_Standard!AE9<>"",DataEntry_Standard!AE9,0)+IF(DataEntry_Standard!AF9<>"",DataEntry_Standard!AF9,0)+IF(DataEntry_Standard!AG9<>"",6-DataEntry_Standard!AG9,0)+IF(DataEntry_Standard!AH9<>"",DataEntry_Standard!AH9,0)+IF(DataEntry_Standard!AI9<>"",6-DataEntry_Standard!AI9,0) -> 0 | G7: =IF(DataEntry_Standard!AJ9<>"",DataEntry_Standard!AJ9,0)+IF(DataEntry_Standard!AK9<>"",6-DataEntry_Standard!AK9,0)+IF(DataEntry_Standard!AL9<>"",DataEntry_Standard!AL9,0) -> 0 | H7: =IF(A7<>"",C7+D7+E7+F7+G7,"") -> 0 | I7: =IF(DataEntry_Standard!D9>=4,1,0)+IF(DataEntry_Standard!G9>=4,1,0)+IF(DataEntry_Standard!I9>=4,1,0)+IF(DataEntry_Standard!J9>=4,1,0)+IF(DataEntry_Standard!K9>=4,1,0)+IF(DataEntry_Standard!L9>=4,1,0)+IF(DataEntry_Standard!M9>=4,1,0)+IF(DataEntry_Standard!N9>=4,1,0)+IF(DataEntry_Standard!O9>=4,1,0)+IF(DataEntry_Standard!P9>=4,1,0)+IF(DataEntry_Standard!T9>=4,1,0)+IF(DataEntry_Standard!U9>=4,1,0)+IF(DataEntry_Standard!V9>=4,1,0)+IF(DataEntry_Standard!W9>=4,1,0)+IF(DataEntry_Standard!Z9>=4,1,0)+IF(DataEntry_Standard!AB9>=4,1,0)+IF(DataEntry_Standard!AC9>=4,1,0)+IF(DataEntry_Standard!AD9>=4,1,0)+IF(DataEntry_Standard!AE9>=4,1,0)+IF(DataEntry_Standard!AF9>=4,1,0)+IF(DataEntry_Standard!AH9>=4,1,0)+IF(DataEntry_Standard!AJ9>=4,1,0)+IF(DataEntry_Standard!AL9>=4,1,0)+IF(DataEntry_Standard!AI9<=2,1,0)+IF(DataEntry_Standard!E9<=2,1,0)+IF(DataEntry_Standard!F9<=2,1,0)+IF(DataEntry_Standard!AK9<=2,1,0)+IF(DataEntry_Standard!H9<=2,1,0)+IF(DataEntry_Standard!Q9<=2,1,0)+IF(DataEntry_Standard!R9<=2,1,0)+IF(DataEntry_Standard!S9<=2,1,0)+IF(DataEntry_Standard!X9<=2,1,0)+IF(DataEntry_Standard!Y9<=2,1,0)+IF(DataEntry_Standard!AA9<=2,1,0)+IF(DataEntry_Standard!AG9<=2,1,0) -> 12 | J7: =IF(DataEntry_SmartICT!D9<>"",DataEntry_SmartICT!D9,0)+IF(DataEntry_SmartICT!E9<>"",DataEntry_SmartICT!E9,0)+IF(DataEntry_SmartICT!F9<>"",6-DataEntry_SmartICT!F9,0)+IF(DataEntry_SmartICT!G9<>"",6-DataEntry_SmartICT!G9,0)+IF(DataEntry_SmartICT!H9<>"",DataEntry_SmartICT!H9,0)+IF(DataEntry_SmartICT!I9<>"",DataEntry_SmartICT!I9,0)+IF(DataEntry_SmartICT!J9<>"",6-DataEntry_SmartICT!J9,0)+IF(DataEntry_SmartICT!K9<>"",DataEntry_SmartICT!K9,0)+IF(DataEntry_SmartICT!L9<>"",6-DataEntry_SmartICT!L9,0)+IF(DataEntry_SmartICT!M9<>"",DataEntry_SmartICT!M9,0)+IF(DataEntry_SmartICT!N9<>"",6-DataEntry_SmartICT!N9,0)+IF(DataEntry_SmartICT!O9<>"",6-DataEntry_SmartICT!O9,0)+IF(DataEntry_SmartICT!P9<>"",6-DataEntry_SmartICT!P9,0)+IF(DataEntry_SmartICT!Q9<>"",6-DataEntry_SmartICT!Q9,0)+IF(DataEntry_SmartICT!R9<>"",6-DataEntry_SmartICT!R9,0)+IF(DataEntry_SmartICT!S9<>"",6-DataEntry_SmartICT!S9,0)+IF(DataEntry_SmartICT!T9<>"",6-DataEntry_SmartICT!T9,0)+IF(DataEntry_SmartICT!U9<>"",6-DataEntry_SmartICT!U9,0)+IF(DataEntry_SmartICT!V9<>"",DataEntry_SmartICT!V9,0)+IF(DataEntry_SmartICT!W9<>"",DataEntry_SmartICT!W9,0)+IF(DataEntry_SmartICT!X9<>"",DataEntry_SmartICT!X9,0)+IF(DataEntry_SmartICT!Y9<>"",6-DataEntry_SmartICT!Y9,0)+IF(DataEntry_SmartICT!Z9<>"",6-DataEntry_SmartICT!Z9,0)+IF(DataEntry_SmartICT!AA9<>"",DataEntry_SmartICT!AA9,0)+IF(DataEntry_SmartICT!AB9<>"",DataEntry_SmartICT!AB9,0)+IF(DataEntry_SmartICT!AC9<>"",6-DataEntry_SmartICT!AC9,0)+IF(DataEntry_SmartICT!AD9<>"",DataEntry_SmartICT!AD9,0) -> 0 | K7: =IF(H7<>"",IFERROR(H7+J7,H7),"") -> 0 | L7: =IF(H7="","",IF(H7/35<=Configurazione!C21,"Trascurabile",IF(H7/35<=Configurazione!C22,"Moderato","Rilevante"))) -> Trascurabile | M7: =IF(J7=0,"N/A",IF(J7/27<=Configurazione!C26,"Trascurabile",IF(J7/27<=Configurazione!C27,"Moderato","Rilevante"))) -> N/A
A8: =DataEntry_Standard!A10 -> COMP-006 | B8: =DataEntry_Standard!C10 -> 0 | C8: =IF(DataEntry_Standard!D10<>"",DataEntry_Standard!D10,0)+IF(DataEntry_Standard!E10<>"",6-DataEntry_Standard!E10,0)+IF(DataEntry_Standard!F10<>"",6-DataEntry_Standard!F10,0)+IF(DataEntry_Standard!G10<>"",DataEntry_Standard!G10,0)+IF(DataEntry_Standard!H10<>"",6-DataEntry_Standard!H10,0)+IF(DataEntry_Standard!I10<>"",DataEntry_Standard!I10,0)+IF(DataEntry_Standard!J10<>"",DataEntry_Standard!J10,0)+IF(DataEntry_Standard!K10<>"",DataEntry_Standard!K10,0)+IF(DataEntry_Standard!L10<>"",DataEntry_Standard!L10,0)+IF(DataEntry_Standard!M10<>"",DataEntry_Standard!M10,0) -> 0 | D8: =IF(DataEntry_Standard!N10<>"",DataEntry_Standard!N10,0)+IF(DataEntry_Standard!O10<>"",DataEntry_Standard!O10,0)+IF(DataEntry_Standard!P10<>"",DataEntry_Standard!P10,0)+IF(DataEntry_Standard!Q10<>"",6-DataEntry_Standard!Q10,0)+IF(DataEntry_Standard!R10<>"",6-DataEntry_Standard!R10,0)+IF(DataEntry_Standard!S10<>"",6-DataEntry_Standard!S10,0)+IF(DataEntry_Standard!T10<>"",DataEntry_Standard!T10,0)+IF(DataEntry_Standard!U10<>"",DataEntry_Standard!U10,0)+IF(DataEntry_Standard!V10<>"",DataEntry_Standard!V10,0) -> 0 | E8: =IF(DataEntry_Standard!W10<>"",DataEntry_Standard!W10,0)+IF(DataEntry_Standard!X10<>"",6-DataEntry_Standard!X10,0)+IF(DataEntry_Standard!Y10<>"",6-DataEntry_Standard!Y10,0)+IF(DataEntry_Standard!Z10<>"",DataEntry_Standard!Z10,0)+IF(DataEntry_Standard!AA10<>"",6-DataEntry_Standard!AA10,0)+IF(DataEntry_Standard!AB10<>"",DataEntry_Standard!AB10,0)+IF(DataEntry_Standard!AC10<>"",DataEntry_Standard!AC10,0)+IF(DataEntry_Standard!AD10<>"",DataEntry_Standard!AD10,0) -> 0 | F8: =IF(DataEntry_Standard!AE10<>"",DataEntry_Standard!AE10,0)+IF(DataEntry_Standard!AF10<>"",DataEntry_Standard!AF10,0)+IF(DataEntry_Standard!AG10<>"",6-DataEntry_Standard!AG10,0)+IF(DataEntry_Standard!AH10<>"",DataEntry_Standard!AH10,0)+IF(DataEntry_Standard!AI10<>"",6-DataEntry_Standard!AI10,0) -> 0 | G8: =IF(DataEntry_Standard!AJ10<>"",DataEntry_Standard!AJ10,0)+IF(DataEntry_Standard!AK10<>"",6-DataEntry_Standard!AK10,0)+IF(DataEntry_Standard!AL10<>"",DataEntry_Standard!AL10,0) -> 0 | H8: =IF(A8<>"",C8+D8+E8+F8+G8,"") -> 0 | I8: =IF(DataEntry_Standard!D10>=4,1,0)+IF(DataEntry_Standard!G10>=4,1,0)+IF(DataEntry_Standard!I10>=4,1,0)+IF(DataEntry_Standard!J10>=4,1,0)+IF(DataEntry_Standard!K10>=4,1,0)+IF(DataEntry_Standard!L10>=4,1,0)+IF(DataEntry_Standard!M10>=4,1,0)+IF(DataEntry_Standard!N10>=4,1,0)+IF(DataEntry_Standard!O10>=4,1,0)+IF(DataEntry_Standard!P10>=4,1,0)+IF(DataEntry_Standard!T10>=4,1,0)+IF(DataEntry_Standard!U10>=4,1,0)+IF(DataEntry_Standard!V10>=4,1,0)+IF(DataEntry_Standard!W10>=4,1,0)+IF(DataEntry_Standard!Z10>=4,1,0)+IF(DataEntry_Standard!AB10>=4,1,0)+IF(DataEntry_Standard!AC10>=4,1,0)+IF(DataEntry_Standard!AD10>=4,1,0)+IF(DataEntry_Standard!AE10>=4,1,0)+IF(DataEntry_Standard!AF10>=4,1,0)+IF(DataEntry_Standard!AH10>=4,1,0)+IF(DataEntry_Standard!AJ10>=4,1,0)+IF(DataEntry_Standard!AL10>=4,1,0)+IF(DataEntry_Standard!AI10<=2,1,0)+IF(DataEntry_Standard!E10<=2,1,0)+IF(DataEntry_Standard!F10<=2,1,0)+IF(DataEntry_Standard!AK10<=2,1,0)+IF(DataEntry_Standard!H10<=2,1,0)+IF(DataEntry_Standard!Q10<=2,1,0)+IF(DataEntry_Standard!R10<=2,1,0)+IF(DataEntry_Standard!S10<=2,1,0)+IF(DataEntry_Standard!X10<=2,1,0)+IF(DataEntry_Standard!Y10<=2,1,0)+IF(DataEntry_Standard!AA10<=2,1,0)+IF(DataEntry_Standard!AG10<=2,1,0) -> 12 | J8: =IF(DataEntry_SmartICT!D10<>"",DataEntry_SmartICT!D10,0)+IF(DataEntry_SmartICT!E10<>"",DataEntry_SmartICT!E10,0)+IF(DataEntry_SmartICT!F10<>"",6-DataEntry_SmartICT!F10,0)+IF(DataEntry_SmartICT!G10<>"",6-DataEntry_SmartICT!G10,0)+IF(DataEntry_SmartICT!H10<>"",DataEntry_SmartICT!H10,0)+IF(DataEntry_SmartICT!I10<>"",DataEntry_SmartICT!I10,0)+IF(DataEntry_SmartICT!J10<>"",6-DataEntry_SmartICT!J10,0)+IF(DataEntry_SmartICT!K10<>"",DataEntry_SmartICT!K10,0)+IF(DataEntry_SmartICT!L10<>"",6-DataEntry_SmartICT!L10,0)+IF(DataEntry_SmartICT!M10<>"",DataEntry_SmartICT!M10,0)+IF(DataEntry_SmartICT!N10<>"",6-DataEntry_SmartICT!N10,0)+IF(DataEntry_SmartICT!O10<>"",6-DataEntry_SmartICT!O10,0)+IF(DataEntry_SmartICT!P10<>"",6-DataEntry_SmartICT!P10,0)+IF(DataEntry_SmartICT!Q10<>"",6-DataEntry_SmartICT!Q10,0)+IF(DataEntry_SmartICT!R10<>"",6-DataEntry_SmartICT!R10,0)+IF(DataEntry_SmartICT!S10<>"",6-DataEntry_SmartICT!S10,0)+IF(DataEntry_SmartICT!T10<>"",6-DataEntry_SmartICT!T10,0)+IF(DataEntry_SmartICT!U10<>"",6-DataEntry_SmartICT!U10,0)+IF(DataEntry_SmartICT!V10<>"",DataEntry_SmartICT!V10,0)+IF(DataEntry_SmartICT!W10<>"",DataEntry_SmartICT!W10,0)+IF(DataEntry_SmartICT!X10<>"",DataEntry_SmartICT!X10,0)+IF(DataEntry_SmartICT!Y10<>"",6-DataEntry_SmartICT!Y10,0)+IF(DataEntry_SmartICT!Z10<>"",6-DataEntry_SmartICT!Z10,0)+IF(DataEntry_SmartICT!AA10<>"",DataEntry_SmartICT!AA10,0)+IF(DataEntry_SmartICT!AB10<>"",DataEntry_SmartICT!AB10,0)+IF(DataEntry_SmartICT!AC10<>"",6-DataEntry_SmartICT!AC10,0)+IF(DataEntry_SmartICT!AD10<>"",DataEntry_SmartICT!AD10,0) -> 0 | K8: =IF(H8<>"",IFERROR(H8+J8,H8),"") -> 0 | L8: =IF(H8="","",IF(H8/35<=Configurazione!C21,"Trascurabile",IF(H8/35<=Configurazione!C22,"Moderato","Rilevante"))) -> Trascurabile | M8: =IF(J8=0,"N/A",IF(J8/27<=Configurazione!C26,"Trascurabile",IF(J8/27<=Configurazione!C27,"Moderato","Rilevante"))) -> N/A
A9: =DataEntry_Standard!A11 -> COMP-007 | B9: =DataEntry_Standard!C11 -> 0 | C9: =IF(DataEntry_Standard!D11<>"",DataEntry_Standard!D11,0)+IF(DataEntry_Standard!E11<>"",6-DataEntry_Standard!E11,0)+IF(DataEntry_Standard!F11<>"",6-DataEntry_Standard!F11,0)+IF(DataEntry_Standard!G11<>"",DataEntry_Standard!G11,0)+IF(DataEntry_Standard!H11<>"",6-DataEntry_Standard!H11,0)+IF(DataEntry_Standard!I11<>"",DataEntry_Standard!I11,0)+IF(DataEntry_Standard!J11<>"",DataEntry_Standard!J11,0)+IF(DataEntry_Standard!K11<>"",DataEntry_Standard!K11,0)+IF(DataEntry_Standard!L11<>"",DataEntry_Standard!L11,0)+IF(DataEntry_Standard!M11<>"",DataEntry_Standard!M11,0) -> 0 | D9: =IF(DataEntry_Standard!N11<>"",DataEntry_Standard!N11,0)+IF(DataEntry_Standard!O11<>"",DataEntry_Standard!O11,0)+IF(DataEntry_Standard!P11<>"",DataEntry_Standard!P11,0)+IF(DataEntry_Standard!Q11<>"",6-DataEntry_Standard!Q11,0)+IF(DataEntry_Standard!R11<>"",6-DataEntry_Standard!R11,0)+IF(DataEntry_Standard!S11<>"",6-DataEntry_Standard!S11,0)+IF(DataEntry_Standard!T11<>"",DataEntry_Standard!T11,0)+IF(DataEntry_Standard!U11<>"",DataEntry_Standard!U11,0)+IF(DataEntry_Standard!V11<>"",DataEntry_Standard!V11,0) -> 0 | E9: =IF(DataEntry_Standard!W11<>"",DataEntry_Standard!W11,0)+IF(DataEntry_Standard!X11<>"",6-DataEntry_Standard!X11,0)+IF(DataEntry_Standard!Y11<>"",6-DataEntry_Standard!Y11,0)+IF(DataEntry_Standard!Z11<>"",DataEntry_Standard!Z11,0)+IF(DataEntry_Standard!AA11<>"",6-DataEntry_Standard!AA11,0)+IF(DataEntry_Standard!AB11<>"",DataEntry_Standard!AB11,0)+IF(DataEntry_Standard!AC11<>"",DataEntry_Standard!AC11,0)+IF(DataEntry_Standard!AD11<>"",DataEntry_Standard!AD11,0) -> 0 | F9: =IF(DataEntry_Standard!AE11<>"",DataEntry_Standard!AE11,0)+IF(DataEntry_Standard!AF11<>"",DataEntry_Standard!AF11,0)+IF(DataEntry_Standard!AG11<>"",6-DataEntry_Standard!AG11,0)+IF(DataEntry_Standard!AH11<>"",DataEntry_Standard!AH11,0)+IF(DataEntry_Standard!AI11<>"",6-DataEntry_Standard!AI11,0) -> 0 | G9: =IF(DataEntry_Standard!AJ11<>"",DataEntry_Standard!AJ11,0)+IF(DataEntry_Standard!AK11<>"",6-DataEntry_Standard!AK11,0)+IF(DataEntry_Standard!AL11<>"",DataEntry_Standard!AL11,0) -> 0 | H9: =IF(A9<>"",C9+D9+E9+F9+G9,"") -> 0 | I9: =IF(DataEntry_Standard!D11>=4,1,0)+IF(DataEntry_Standard!G11>=4,1,0)+IF(DataEntry_Standard!I11>=4,1,0)+IF(DataEntry_Standard!J11>=4,1,0)+IF(DataEntry_Standard!K11>=4,1,0)+IF(DataEntry_Standard!L11>=4,1,0)+IF(DataEntry_Standard!M11>=4,1,0)+IF(DataEntry_Standard!N11>=4,1,0)+IF(DataEntry_Standard!O11>=4,1,0)+IF(DataEntry_Standard!P11>=4,1,0)+IF(DataEntry_Standard!T11>=4,1,0)+IF(DataEntry_Standard!U11>=4,1,0)+IF(DataEntry_Standard!V11>=4,1,0)+IF(DataEntry_Standard!W11>=4,1,0)+IF(DataEntry_Standard!Z11>=4,1,0)+IF(DataEntry_Standard!AB11>=4,1,0)+IF(DataEntry_Standard!AC11>=4,1,0)+IF(DataEntry_Standard!AD11>=4,1,0)+IF(DataEntry_Standard!AE11>=4,1,0)+IF(DataEntry_Standard!AF11>=4,1,0)+IF(DataEntry_Standard!AH11>=4,1,0)+IF(DataEntry_Standard!AJ11>=4,1,0)+IF(DataEntry_Standard!AL11>=4,1,0)+IF(DataEntry_Standard!AI11<=2,1,0)+IF(DataEntry_Standard!E11<=2,1,0)+IF(DataEntry_Standard!F11<=2,1,0)+IF(DataEntry_Standard!AK11<=2,1,0)+IF(DataEntry_Standard!H11<=2,1,0)+IF(DataEntry_Standard!Q11<=2,1,0)+IF(DataEntry_Standard!R11<=2,1,0)+IF(DataEntry_Standard!S11<=2,1,0)+IF(DataEntry_Standard!X11<=2,1,0)+IF(DataEntry_Standard!Y11<=2,1,0)+IF(DataEntry_Standard!AA11<=2,1,0)+IF(DataEntry_Standard!AG11<=2,1,0) -> 12 | J9: =IF(DataEntry_SmartICT!D11<>"",DataEntry_SmartICT!D11,0)+IF(DataEntry_SmartICT!E11<>"",DataEntry_SmartICT!E11,0)+IF(DataEntry_SmartICT!F11<>"",6-DataEntry_SmartICT!F11,0)+IF(DataEntry_SmartICT!G11<>"",6-DataEntry_SmartICT!G11,0)+IF(DataEntry_SmartICT!H11<>"",DataEntry_SmartICT!H11,0)+IF(DataEntry_SmartICT!I11<>"",DataEntry_SmartICT!I11,0)+IF(DataEntry_SmartICT!J11<>"",6-DataEntry_SmartICT!J11,0)+IF(DataEntry_SmartICT!K11<>"",DataEntry_SmartICT!K11,0)+IF(DataEntry_SmartICT!L11<>"",6-DataEntry_SmartICT!L11,0)+IF(DataEntry_SmartICT!M11<>"",DataEntry_SmartICT!M11,0)+IF(DataEntry_SmartICT!N11<>"",6-DataEntry_SmartICT!N11,0)+IF(DataEntry_SmartICT!O11<>"",6-DataEntry_SmartICT!O11,0)+IF(DataEntry_SmartICT!P11<>"",6-DataEntry_SmartICT!P11,0)+IF(DataEntry_SmartICT!Q11<>"",6-DataEntry_SmartICT!Q11,0)+IF(DataEntry_SmartICT!R11<>"",6-DataEntry_SmartICT!R11,0)+IF(DataEntry_SmartICT!S11<>"",6-DataEntry_SmartICT!S11,0)+IF(DataEntry_SmartICT!T11<>"",6-DataEntry_SmartICT!T11,0)+IF(DataEntry_SmartICT!U11<>"",6-DataEntry_SmartICT!U11,0)+IF(DataEntry_SmartICT!V11<>"",DataEntry_SmartICT!V11,0)+IF(DataEntry_SmartICT!W11<>"",DataEntry_SmartICT!W11,0)+IF(DataEntry_SmartICT!X11<>"",DataEntry_SmartICT!X11,0)+IF(DataEntry_SmartICT!Y11<>"",6-DataEntry_SmartICT!Y11,0)+IF(DataEntry_SmartICT!Z11<>"",6-DataEntry_SmartICT!Z11,0)+IF(DataEntry_SmartICT!AA11<>"",DataEntry_SmartICT!AA11,0)+IF(DataEntry_SmartICT!AB11<>"",DataEntry_SmartICT!AB11,0)+IF(DataEntry_SmartICT!AC11<>"",6-DataEntry_SmartICT!AC11,0)+IF(DataEntry_SmartICT!AD11<>"",DataEntry_SmartICT!AD11,0) -> 0 | K9: =IF(H9<>"",IFERROR(H9+J9,H9),"") -> 0 | L9: =IF(H9="","",IF(H9/35<=Configurazione!C21,"Trascurabile",IF(H9/35<=Configurazione!C22,"Moderato","Rilevante"))) -> Trascurabile | M9: =IF(J9=0,"N/A",IF(J9/27<=Configurazione!C26,"Trascurabile",IF(J9/27<=Configurazione!C27,"Moderato","Rilevante"))) -> N/A
A10: =DataEntry_Standard!A12 -> COMP-008 | B10: =DataEntry_Standard!C12 -> 0 | C10: =IF(DataEntry_Standard!D12<>"",DataEntry_Standard!D12,0)+IF(DataEntry_Standard!E12<>"",6-DataEntry_Standard!E12,0)+IF(DataEntry_Standard!F12<>"",6-DataEntry_Standard!F12,0)+IF(DataEntry_Standard!G12<>"",DataEntry_Standard!G12,0)+IF(DataEntry_Standard!H12<>"",6-DataEntry_Standard!H12,0)+IF(DataEntry_Standard!I12<>"",DataEntry_Standard!I12,0)+IF(DataEntry_Standard!J12<>"",DataEntry_Standard!J12,0)+IF(DataEntry_Standard!K12<>"",DataEntry_Standard!K12,0)+IF(DataEntry_Standard!L12<>"",DataEntry_Standard!L12,0)+IF(DataEntry_Standard!M12<>"",DataEntry_Standard!M12,0) -> 0 | D10: =IF(DataEntry_Standard!N12<>"",DataEntry_Standard!N12,0)+IF(DataEntry_Standard!O12<>"",DataEntry_Standard!O12,0)+IF(DataEntry_Standard!P12<>"",DataEntry_Standard!P12,0)+IF(DataEntry_Standard!Q12<>"",6-DataEntry_Standard!Q12,0)+IF(DataEntry_Standard!R12<>"",6-DataEntry_Standard!R12,0)+IF(DataEntry_Standard!S12<>"",6-DataEntry_Standard!S12,0)+IF(DataEntry_Standard!T12<>"",DataEntry_Standard!T12,0)+IF(DataEntry_Standard!U12<>"",DataEntry_Standard!U12,0)+IF(DataEntry_Standard!V12<>"",DataEntry_Standard!V12,0) -> 0 | E10: =IF(DataEntry_Standard!W12<>"",DataEntry_Standard!W12,0)+IF(DataEntry_Standard!X12<>"",6-DataEntry_Standard!X12,0)+IF(DataEntry_Standard!Y12<>"",6-DataEntry_Standard!Y12,0)+IF(DataEntry_Standard!Z12<>"",DataEntry_Standard!Z12,0)+IF(DataEntry_Standard!AA12<>"",6-DataEntry_Standard!AA12,0)+IF(DataEntry_Standard!AB12<>"",DataEntry_Standard!AB12,0)+IF(DataEntry_Standard!AC12<>"",DataEntry_Standard!AC12,0)+IF(DataEntry_Standard!AD12<>"",DataEntry_Standard!AD12,0) -> 0 | F10: =IF(DataEntry_Standard!AE12<>"",DataEntry_Standard!AE12,0)+IF(DataEntry_Standard!AF12<>"",DataEntry_Standard!AF12,0)+IF(DataEntry_Standard!AG12<>"",6-DataEntry_Standard!AG12,0)+IF(DataEntry_Standard!AH12<>"",DataEntry_Standard!AH12,0)+IF(DataEntry_Standard!AI12<>"",6-DataEntry_Standard!AI12,0) -> 0 | G10: =IF(DataEntry_Standard!AJ12<>"",DataEntry_Standard!AJ12,0)+IF(DataEntry_Standard!AK12<>"",6-DataEntry_Standard!AK12,0)+IF(DataEntry_Standard!AL12<>"",DataEntry_Standard!AL12,0) -> 0 | H10: =IF(A10<>"",C10+D10+E10+F10+G10,"") -> 0 | I10: =IF(DataEntry_Standard!D12>=4,1,0)+IF(DataEntry_Standard!G12>=4,1,0)+IF(DataEntry_Standard!I12>=4,1,0)+IF(DataEntry_Standard!J12>=4,1,0)+IF(DataEntry_Standard!K12>=4,1,0)+IF(DataEntry_Standard!L12>=4,1,0)+IF(DataEntry_Standard!M12>=4,1,0)+IF(DataEntry_Standard!N12>=4,1,0)+IF(DataEntry_Standard!O12>=4,1,0)+IF(DataEntry_Standard!P12>=4,1,0)+IF(DataEntry_Standard!T12>=4,1,0)+IF(DataEntry_Standard!U12>=4,1,0)+IF(DataEntry_Standard!V12>=4,1,0)+IF(DataEntry_Standard!W12>=4,1,0)+IF(DataEntry_Standard!Z12>=4,1,0)+IF(DataEntry_Standard!AB12>=4,1,0)+IF(DataEntry_Standard!AC12>=4,1,0)+IF(DataEntry_Standard!AD12>=4,1,0)+IF(DataEntry_Standard!AE12>=4,1,0)+IF(DataEntry_Standard!AF12>=4,1,0)+IF(DataEntry_Standard!AH12>=4,1,0)+IF(DataEntry_Standard!AJ12>=4,1,0)+IF(DataEntry_Standard!AL12>=4,1,0)+IF(DataEntry_Standard!AI12<=2,1,0)+IF(DataEntry_Standard!E12<=2,1,0)+IF(DataEntry_Standard!F12<=2,1,0)+IF(DataEntry_Standard!AK12<=2,1,0)+IF(DataEntry_Standard!H12<=2,1,0)+IF(DataEntry_Standard!Q12<=2,1,0)+IF(DataEntry_Standard!R12<=2,1,0)+IF(DataEntry_Standard!S12<=2,1,0)+IF(DataEntry_Standard!X12<=2,1,0)+IF(DataEntry_Standard!Y12<=2,1,0)+IF(DataEntry_Standard!AA12<=2,1,0)+IF(DataEntry_Standard!AG12<=2,1,0) -> 12 | J10: =IF(DataEntry_SmartICT!D12<>"",DataEntry_SmartICT!D12,0)+IF(DataEntry_SmartICT!E12<>"",DataEntry_SmartICT!E12,0)+IF(DataEntry_SmartICT!F12<>"",6-DataEntry_SmartICT!F12,0)+IF(DataEntry_SmartICT!G12<>"",6-DataEntry_SmartICT!G12,0)+IF(DataEntry_SmartICT!H12<>"",DataEntry_SmartICT!H12,0)+IF(DataEntry_SmartICT!I12<>"",DataEntry_SmartICT!I12,0)+IF(DataEntry_SmartICT!J12<>"",6-DataEntry_SmartICT!J12,0)+IF(DataEntry_SmartICT!K12<>"",DataEntry_SmartICT!K12,0)+IF(DataEntry_SmartICT!L12<>"",6-DataEntry_SmartICT!L12,0)+IF(DataEntry_SmartICT!M12<>"",DataEntry_SmartICT!M12,0)+IF(DataEntry_SmartICT!N12<>"",6-DataEntry_SmartICT!N12,0)+IF(DataEntry_SmartICT!O12<>"",6-DataEntry_SmartICT!O12,0)+IF(DataEntry_SmartICT!P12<>"",6-DataEntry_SmartICT!P12,0)+IF(DataEntry_SmartICT!Q12<>"",6-DataEntry_SmartICT!Q12,0)+IF(DataEntry_SmartICT!R12<>"",6-DataEntry_SmartICT!R12,0)+IF(DataEntry_SmartICT!S12<>"",6-DataEntry_SmartICT!S12,0)+IF(DataEntry_SmartICT!T12<>"",6-DataEntry_SmartICT!T12,0)+IF(DataEntry_SmartICT!U12<>"",6-DataEntry_SmartICT!U12,0)+IF(DataEntry_SmartICT!V12<>"",DataEntry_SmartICT!V12,0)+IF(DataEntry_SmartICT!W12<>"",DataEntry_SmartICT!W12,0)+IF(DataEntry_SmartICT!X12<>"",DataEntry_SmartICT!X12,0)+IF(DataEntry_SmartICT!Y12<>"",6-DataEntry_SmartICT!Y12,0)+IF(DataEntry_SmartICT!Z12<>"",6-DataEntry_SmartICT!Z12,0)+IF(DataEntry_SmartICT!AA12<>"",DataEntry_SmartICT!AA12,0)+IF(DataEntry_SmartICT!AB12<>"",DataEntry_SmartICT!AB12,0)+IF(DataEntry_SmartICT!AC12<>"",6-DataEntry_SmartICT!AC12,0)+IF(DataEntry_SmartICT!AD12<>"",DataEntry_SmartICT!AD12,0) -> 0 | K10: =IF(H10<>"",IFERROR(H10+J10,H10),"") -> 0 | L10: =IF(H10="","",IF(H10/35<=Configurazione!C21,"Trascurabile",IF(H10/35<=Configurazione!C22,"Moderato","Rilevante"))) -> Trascurabile | M10: =IF(J10=0,"N/A",IF(J10/27<=Configurazione!C26,"Trascurabile",IF(J10/27<=Configurazione!C27,"Moderato","Rilevante"))) -> N/A
A11: =DataEntry_Standard!A13 -> COMP-009 | B11: =DataEntry_Standard!C13 -> 0 | C11: =IF(DataEntry_Standard!D13<>"",DataEntry_Standard!D13,0)+IF(DataEntry_Standard!E13<>"",6-DataEntry_Standard!E13,0)+IF(DataEntry_Standard!F13<>"",6-DataEntry_Standard!F13,0)+IF(DataEntry_Standard!G13<>"",DataEntry_Standard!G13,0)+IF(DataEntry_Standard!H13<>"",6-DataEntry_Standard!H13,0)+IF(DataEntry_Standard!I13<>"",DataEntry_Standard!I13,0)+IF(DataEntry_Standard!J13<>"",DataEntry_Standard!J13,0)+IF(DataEntry_Standard!K13<>"",DataEntry_Standard!K13,0)+IF(DataEntry_Standard!L13<>"",DataEntry_Standard!L13,0)+IF(DataEntry_Standard!M13<>"",DataEntry_Standard!M13,0) -> 0 | D11: =IF(DataEntry_Standard!N13<>"",DataEntry_Standard!N13,0)+IF(DataEntry_Standard!O13<>"",DataEntry_Standard!O13,0)+IF(DataEntry_Standard!P13<>"",DataEntry_Standard!P13,0)+IF(DataEntry_Standard!Q13<>"",6-DataEntry_Standard!Q13,0)+IF(DataEntry_Standard!R13<>"",6-DataEntry_Standard!R13,0)+IF(DataEntry_Standard!S13<>"",6-DataEntry_Standard!S13,0)+IF(DataEntry_Standard!T13<>"",DataEntry_Standard!T13,0)+IF(DataEntry_Standard!U13<>"",DataEntry_Standard!U13,0)+IF(DataEntry_Standard!V13<>"",DataEntry_Standard!V13,0) -> 0 | E11: =IF(DataEntry_Standard!W13<>"",DataEntry_Standard!W13,0)+IF(DataEntry_Standard!X13<>"",6-DataEntry_Standard!X13,0)+IF(DataEntry_Standard!Y13<>"",6-DataEntry_Standard!Y13,0)+IF(DataEntry_Standard!Z13<>"",DataEntry_Standard!Z13,0)+IF(DataEntry_Standard!AA13<>"",6-DataEntry_Standard!AA13,0)+IF(DataEntry_Standard!AB13<>"",DataEntry_Standard!AB13,0)+IF(DataEntry_Standard!AC13<>"",DataEntry_Standard!AC13,0)+IF(DataEntry_Standard!AD13<>"",DataEntry_Standard!AD13,0) -> 0 | F11: =IF(DataEntry_Standard!AE13<>"",DataEntry_Standard!AE13,0)+IF(DataEntry_Standard!AF13<>"",DataEntry_Standard!AF13,0)+IF(DataEntry_Standard!AG13<>"",6-DataEntry_Standard!AG13,0)+IF(DataEntry_Standard!AH13<>"",DataEntry_Standard!AH13,0)+IF(DataEntry_Standard!AI13<>"",6-DataEntry_Standard!AI13,0) -> 0 | G11: =IF(DataEntry_Standard!AJ13<>"",DataEntry_Standard!AJ13,0)+IF(DataEntry_Standard!AK13<>"",6-DataEntry_Standard!AK13,0)+IF(DataEntry_Standard!AL13<>"",DataEntry_Standard!AL13,0) -> 0 | H11: =IF(A11<>"",C11+D11+E11+F11+G11,"") -> 0 | I11: =IF(DataEntry_Standard!D13>=4,1,0)+IF(DataEntry_Standard!G13>=4,1,0)+IF(DataEntry_Standard!I13>=4,1,0)+IF(DataEntry_Standard!J13>=4,1,0)+IF(DataEntry_Standard!K13>=4,1,0)+IF(DataEntry_Standard!L13>=4,1,0)+IF(DataEntry_Standard!M13>=4,1,0)+IF(DataEntry_Standard!N13>=4,1,0)+IF(DataEntry_Standard!O13>=4,1,0)+IF(DataEntry_Standard!P13>=4,1,0)+IF(DataEntry_Standard!T13>=4,1,0)+IF(DataEntry_Standard!U13>=4,1,0)+IF(DataEntry_Standard!V13>=4,1,0)+IF(DataEntry_Standard!W13>=4,1,0)+IF(DataEntry_Standard!Z13>=4,1,0)+IF(DataEntry_Standard!AB13>=4,1,0)+IF(DataEntry_Standard!AC13>=4,1,0)+IF(DataEntry_Standard!AD13>=4,1,0)+IF(DataEntry_Standard!AE13>=4,1,0)+IF(DataEntry_Standard!AF13>=4,1,0)+IF(DataEntry_Standard!AH13>=4,1,0)+IF(DataEntry_Standard!AJ13>=4,1,0)+IF(DataEntry_Standard!AL13>=4,1,0)+IF(DataEntry_Standard!AI13<=2,1,0)+IF(DataEntry_Standard!E13<=2,1,0)+IF(DataEntry_Standard!F13<=2,1,0)+IF(DataEntry_Standard!AK13<=2,1,0)+IF(DataEntry_Standard!H13<=2,1,0)+IF(DataEntry_Standard!Q13<=2,1,0)+IF(DataEntry_Standard!R13<=2,1,0)+IF(DataEntry_Standard!S13<=2,1,0)+IF(DataEntry_Standard!X13<=2,1,0)+IF(DataEntry_Standard!Y13<=2,1,0)+IF(DataEntry_Standard!AA13<=2,1,0)+IF(DataEntry_Standard!AG13<=2,1,0) -> 12 | J11: =IF(DataEntry_SmartICT!D13<>"",DataEntry_SmartICT!D13,0)+IF(DataEntry_SmartICT!E13<>"",DataEntry_SmartICT!E13,0)+IF(DataEntry_SmartICT!F13<>"",6-DataEntry_SmartICT!F13,0)+IF(DataEntry_SmartICT!G13<>"",6-DataEntry_SmartICT!G13,0)+IF(DataEntry_SmartICT!H13<>"",DataEntry_SmartICT!H13,0)+IF(DataEntry_SmartICT!I13<>"",DataEntry_SmartICT!I13,0)+IF(DataEntry_SmartICT!J13<>"",6-DataEntry_SmartICT!J13,0)+IF(DataEntry_SmartICT!K13<>"",DataEntry_SmartICT!K13,0)+IF(DataEntry_SmartICT!L13<>"",6-DataEntry_SmartICT!L13,0)+IF(DataEntry_SmartICT!M13<>"",DataEntry_SmartICT!M13,0)+IF(DataEntry_SmartICT!N13<>"",6-DataEntry_SmartICT!N13,0)+IF(DataEntry_SmartICT!O13<>"",6-DataEntry_SmartICT!O13,0)+IF(DataEntry_SmartICT!P13<>"",6-DataEntry_SmartICT!P13,0)+IF(DataEntry_SmartICT!Q13<>"",6-DataEntry_SmartICT!Q13,0)+IF(DataEntry_SmartICT!R13<>"",6-DataEntry_SmartICT!R13,0)+IF(DataEntry_SmartICT!S13<>"",6-DataEntry_SmartICT!S13,0)+IF(DataEntry_SmartICT!T13<>"",6-DataEntry_SmartICT!T13,0)+IF(DataEntry_SmartICT!U13<>"",6-DataEntry_SmartICT!U13,0)+IF(DataEntry_SmartICT!V13<>"",DataEntry_SmartICT!V13,0)+IF(DataEntry_SmartICT!W13<>"",DataEntry_SmartICT!W13,0)+IF(DataEntry_SmartICT!X13<>"",DataEntry_SmartICT!X13,0)+IF(DataEntry_SmartICT!Y13<>"",6-DataEntry_SmartICT!Y13,0)+IF(DataEntry_SmartICT!Z13<>"",6-DataEntry_SmartICT!Z13,0)+IF(DataEntry_SmartICT!AA13<>"",DataEntry_SmartICT!AA13,0)+IF(DataEntry_SmartICT!AB13<>"",DataEntry_SmartICT!AB13,0)+IF(DataEntry_SmartICT!AC13<>"",6-DataEntry_SmartICT!AC13,0)+IF(DataEntry_SmartICT!AD13<>"",DataEntry_SmartICT!AD13,0) -> 0 | K11: =IF(H11<>"",IFERROR(H11+J11,H11),"") -> 0 | L11: =IF(H11="","",IF(H11/35<=Configurazione!C21,"Trascurabile",IF(H11/35<=Configurazione!C22,"Moderato","Rilevante"))) -> Trascurabile | M11: =IF(J11=0,"N/A",IF(J11/27<=Configurazione!C26,"Trascurabile",IF(J11/27<=Configurazione!C27,"Moderato","Rilevante"))) -> N/A
A12: =DataEntry_Standard!A14 -> COMP-010 | B12: =DataEntry_Standard!C14 -> 0 | C12: =IF(DataEntry_Standard!D14<>"",DataEntry_Standard!D14,0)+IF(DataEntry_Standard!E14<>"",6-DataEntry_Standard!E14,0)+IF(DataEntry_Standard!F14<>"",6-DataEntry_Standard!F14,0)+IF(DataEntry_Standard!G14<>"",DataEntry_Standard!G14,0)+IF(DataEntry_Standard!H14<>"",6-DataEntry_Standard!H14,0)+IF(DataEntry_Standard!I14<>"",DataEntry_Standard!I14,0)+IF(DataEntry_Standard!J14<>"",DataEntry_Standard!J14,0)+IF(DataEntry_Standard!K14<>"",DataEntry_Standard!K14,0)+IF(DataEntry_Standard!L14<>"",DataEntry_Standard!L14,0)+IF(DataEntry_Standard!M14<>"",DataEntry_Standard!M14,0) -> 0 | D12: =IF(DataEntry_Standard!N14<>"",DataEntry_Standard!N14,0)+IF(DataEntry_Standard!O14<>"",DataEntry_Standard!O14,0)+IF(DataEntry_Standard!P14<>"",DataEntry_Standard!P14,0)+IF(DataEntry_Standard!Q14<>"",6-DataEntry_Standard!Q14,0)+IF(DataEntry_Standard!R14<>"",6-DataEntry_Standard!R14,0)+IF(DataEntry_Standard!S14<>"",6-DataEntry_Standard!S14,0)+IF(DataEntry_Standard!T14<>"",DataEntry_Standard!T14,0)+IF(DataEntry_Standard!U14<>"",DataEntry_Standard!U14,0)+IF(DataEntry_Standard!V14<>"",DataEntry_Standard!V14,0) -> 0 | E12: =IF(DataEntry_Standard!W14<>"",DataEntry_Standard!W14,0)+IF(DataEntry_Standard!X14<>"",6-DataEntry_Standard!X14,0)+IF(DataEntry_Standard!Y14<>"",6-DataEntry_Standard!Y14,0)+IF(DataEntry_Standard!Z14<>"",DataEntry_Standard!Z14,0)+IF(DataEntry_Standard!AA14<>"",6-DataEntry_Standard!AA14,0)+IF(DataEntry_Standard!AB14<>"",DataEntry_Standard!AB14,0)+IF(DataEntry_Standard!AC14<>"",DataEntry_Standard!AC14,0)+IF(DataEntry_Standard!AD14<>"",DataEntry_Standard!AD14,0) -> 0 | F12: =IF(DataEntry_Standard!AE14<>"",DataEntry_Standard!AE14,0)+IF(DataEntry_Standard!AF14<>"",DataEntry_Standard!AF14,0)+IF(DataEntry_Standard!AG14<>"",6-DataEntry_Standard!AG14,0)+IF(DataEntry_Standard!AH14<>"",DataEntry_Standard!AH14,0)+IF(DataEntry_Standard!AI14<>"",6-DataEntry_Standard!AI14,0) -> 0 | G12: =IF(DataEntry_Standard!AJ14<>"",DataEntry_Standard!AJ14,0)+IF(DataEntry_Standard!AK14<>"",6-DataEntry_Standard!AK14,0)+IF(DataEntry_Standard!AL14<>"",DataEntry_Standard!AL14,0) -> 0 | H12: =IF(A12<>"",C12+D12+E12+F12+G12,"") -> 0 | I12: =IF(DataEntry_Standard!D14>=4,1,0)+IF(DataEntry_Standard!G14>=4,1,0)+IF(DataEntry_Standard!I14>=4,1,0)+IF(DataEntry_Standard!J14>=4,1,0)+IF(DataEntry_Standard!K14>=4,1,0)+IF(DataEntry_Standard!L14>=4,1,0)+IF(DataEntry_Standard!M14>=4,1,0)+IF(DataEntry_Standard!N14>=4,1,0)+IF(DataEntry_Standard!O14>=4,1,0)+IF(DataEntry_Standard!P14>=4,1,0)+IF(DataEntry_Standard!T14>=4,1,0)+IF(DataEntry_Standard!U14>=4,1,0)+IF(DataEntry_Standard!V14>=4,1,0)+IF(DataEntry_Standard!W14>=4,1,0)+IF(DataEntry_Standard!Z14>=4,1,0)+IF(DataEntry_Standard!AB14>=4,1,0)+IF(DataEntry_Standard!AC14>=4,1,0)+IF(DataEntry_Standard!AD14>=4,1,0)+IF(DataEntry_Standard!AE14>=4,1,0)+IF(DataEntry_Standard!AF14>=4,1,0)+IF(DataEntry_Standard!AH14>=4,1,0)+IF(DataEntry_Standard!AJ14>=4,1,0)+IF(DataEntry_Standard!AL14>=4,1,0)+IF(DataEntry_Standard!AI14<=2,1,0)+IF(DataEntry_Standard!E14<=2,1,0)+IF(DataEntry_Standard!F14<=2,1,0)+IF(DataEntry_Standard!AK14<=2,1,0)+IF(DataEntry_Standard!H14<=2,1,0)+IF(DataEntry_Standard!Q14<=2,1,0)+IF(DataEntry_Standard!R14<=2,1,0)+IF(DataEntry_Standard!S14<=2,1,0)+IF(DataEntry_Standard!X14<=2,1,0)+IF(DataEntry_Standard!Y14<=2,1,0)+IF(DataEntry_Standard!AA14<=2,1,0)+IF(DataEntry_Standard!AG14<=2,1,0) -> 12 | J12: =IF(DataEntry_SmartICT!D14<>"",DataEntry_SmartICT!D14,0)+IF(DataEntry_SmartICT!E14<>"",DataEntry_SmartICT!E14,0)+IF(DataEntry_SmartICT!F14<>"",6-DataEntry_SmartICT!F14,0)+IF(DataEntry_SmartICT!G14<>"",6-DataEntry_SmartICT!G14,0)+IF(DataEntry_SmartICT!H14<>"",DataEntry_SmartICT!H14,0)+IF(DataEntry_SmartICT!I14<>"",DataEntry_SmartICT!I14,0)+IF(DataEntry_SmartICT!J14<>"",6-DataEntry_SmartICT!J14,0)+IF(DataEntry_SmartICT!K14<>"",DataEntry_SmartICT!K14,0)+IF(DataEntry_SmartICT!L14<>"",6-DataEntry_SmartICT!L14,0)+IF(DataEntry_SmartICT!M14<>"",DataEntry_SmartICT!M14,0)+IF(DataEntry_SmartICT!N14<>"",6-DataEntry_SmartICT!N14,0)+IF(DataEntry_SmartICT!O14<>"",6-DataEntry_SmartICT!O14,0)+IF(DataEntry_SmartICT!P14<>"",6-DataEntry_SmartICT!P14,0)+IF(DataEntry_SmartICT!Q14<>"",6-DataEntry_SmartICT!Q14,0)+IF(DataEntry_SmartICT!R14<>"",6-DataEntry_SmartICT!R14,0)+IF(DataEntry_SmartICT!S14<>"",6-DataEntry_SmartICT!S14,0)+IF(DataEntry_SmartICT!T14<>"",6-DataEntry_SmartICT!T14,0)+IF(DataEntry_SmartICT!U14<>"",6-DataEntry_SmartICT!U14,0)+IF(DataEntry_SmartICT!V14<>"",DataEntry_SmartICT!V14,0)+IF(DataEntry_SmartICT!W14<>"",DataEntry_SmartICT!W14,0)+IF(DataEntry_SmartICT!X14<>"",DataEntry_SmartICT!X14,0)+IF(DataEntry_SmartICT!Y14<>"",6-DataEntry_SmartICT!Y14,0)+IF(DataEntry_SmartICT!Z14<>"",6-DataEntry_SmartICT!Z14,0)+IF(DataEntry_SmartICT!AA14<>"",DataEntry_SmartICT!AA14,0)+IF(DataEntry_SmartICT!AB14<>"",DataEntry_SmartICT!AB14,0)+IF(DataEntry_SmartICT!AC14<>"",6-DataEntry_SmartICT!AC14,0)+IF(DataEntry_SmartICT!AD14<>"",DataEntry_SmartICT!AD14,0) -> 0 | K12: =IF(H12<>"",IFERROR(H12+J12,H12),"") -> 0 | L12: =IF(H12="","",IF(H12/35<=Configurazione!C21,"Trascurabile",IF(H12/35<=Configurazione!C22,"Moderato","Rilevante"))) -> Trascurabile | M12: =IF(J12=0,"N/A",IF(J12/27<=Configurazione!C26,"Trascurabile",IF(J12/27<=Configurazione!C27,"Moderato","Rilevante"))) -> N/A
A13: =DataEntry_Standard!A15 -> COMP-011 | B13: =DataEntry_Standard!C15 -> 0 | C13: =IF(DataEntry_Standard!D15<>"",DataEntry_Standard!D15,0)+IF(DataEntry_Standard!E15<>"",6-DataEntry_Standard!E15,0)+IF(DataEntry_Standard!F15<>"",6-DataEntry_Standard!F15,0)+IF(DataEntry_Standard!G15<>"",DataEntry_Standard!G15,0)+IF(DataEntry_Standard!H15<>"",6-DataEntry_Standard!H15,0)+IF(DataEntry_Standard!I15<>"",DataEntry_Standard!I15,0)+IF(DataEntry_Standard!J15<>"",DataEntry_Standard!J15,0)+IF(DataEntry_Standard!K15<>"",DataEntry_Standard!K15,0)+IF(DataEntry_Standard!L15<>"",DataEntry_Standard!L15,0)+IF(DataEntry_Standard!M15<>"",DataEntry_Standard!M15,0) -> 0 | D13: =IF(DataEntry_Standard!N15<>"",DataEntry_Standard!N15,0)+IF(DataEntry_Standard!O15<>"",DataEntry_Standard!O15,0)+IF(DataEntry_Standard!P15<>"",DataEntry_Standard!P15,0)+IF(DataEntry_Standard!Q15<>"",6-DataEntry_Standard!Q15,0)+IF(DataEntry_Standard!R15<>"",6-DataEntry_Standard!R15,0)+IF(DataEntry_Standard!S15<>"",6-DataEntry_Standard!S15,0)+IF(DataEntry_Standard!T15<>"",DataEntry_Standard!T15,0)+IF(DataEntry_Standard!U15<>"",DataEntry_Standard!U15,0)+IF(DataEntry_Standard!V15<>"",DataEntry_Standard!V15,0) -> 0 | E13: =IF(DataEntry_Standard!W15<>"",DataEntry_Standard!W15,0)+IF(DataEntry_Standard!X15<>"",6-DataEntry_Standard!X15,0)+IF(DataEntry_Standard!Y15<>"",6-DataEntry_Standard!Y15,0)+IF(DataEntry_Standard!Z15<>"",DataEntry_Standard!Z15,0)+IF(DataEntry_Standard!AA15<>"",6-DataEntry_Standard!AA15,0)+IF(DataEntry_Standard!AB15<>"",DataEntry_Standard!AB15,0)+IF(DataEntry_Standard!AC15<>"",DataEntry_Standard!AC15,0)+IF(DataEntry_Standard!AD15<>"",DataEntry_Standard!AD15,0) -> 0 | F13: =IF(DataEntry_Standard!AE15<>"",DataEntry_Standard!AE15,0)+IF(DataEntry_Standard!AF15<>"",DataEntry_Standard!AF15,0)+IF(DataEntry_Standard!AG15<>"",6-DataEntry_Standard!AG15,0)+IF(DataEntry_Standard!AH15<>"",DataEntry_Standard!AH15,0)+IF(DataEntry_Standard!AI15<>"",6-DataEntry_Standard!AI15,0) -> 0 | G13: =IF(DataEntry_Standard!AJ15<>"",DataEntry_Standard!AJ15,0)+IF(DataEntry_Standard!AK15<>"",6-DataEntry_Standard!AK15,0)+IF(DataEntry_Standard!AL15<>"",DataEntry_Standard!AL15,0) -> 0 | H13: =IF(A13<>"",C13+D13+E13+F13+G13,"") -> 0 | I13: =IF(DataEntry_Standard!D15>=4,1,0)+IF(DataEntry_Standard!G15>=4,1,0)+IF(DataEntry_Standard!I15>=4,1,0)+IF(DataEntry_Standard!J15>=4,1,0)+IF(DataEntry_Standard!K15>=4,1,0)+IF(DataEntry_Standard!L15>=4,1,0)+IF(DataEntry_Standard!M15>=4,1,0)+IF(DataEntry_Standard!N15>=4,1,0)+IF(DataEntry_Standard!O15>=4,1,0)+IF(DataEntry_Standard!P15>=4,1,0)+IF(DataEntry_Standard!T15>=4,1,0)+IF(DataEntry_Standard!U15>=4,1,0)+IF(DataEntry_Standard!V15>=4,1,0)+IF(DataEntry_Standard!W15>=4,1,0)+IF(DataEntry_Standard!Z15>=4,1,0)+IF(DataEntry_Standard!AB15>=4,1,0)+IF(DataEntry_Standard!AC15>=4,1,0)+IF(DataEntry_Standard!AD15>=4,1,0)+IF(DataEntry_Standard!AE15>=4,1,0)+IF(DataEntry_Standard!AF15>=4,1,0)+IF(DataEntry_Standard!AH15>=4,1,0)+IF(DataEntry_Standard!AJ15>=4,1,0)+IF(DataEntry_Standard!AL15>=4,1,0)+IF(DataEntry_Standard!AI15<=2,1,0)+IF(DataEntry_Standard!E15<=2,1,0)+IF(DataEntry_Standard!F15<=2,1,0)+IF(DataEntry_Standard!AK15<=2,1,0)+IF(DataEntry_Standard!H15<=2,1,0)+IF(DataEntry_Standard!Q15<=2,1,0)+IF(DataEntry_Standard!R15<=2,1,0)+IF(DataEntry_Standard!S15<=2,1,0)+IF(DataEntry_Standard!X15<=2,1,0)+IF(DataEntry_Standard!Y15<=2,1,0)+IF(DataEntry_Standard!AA15<=2,1,0)+IF(DataEntry_Standard!AG15<=2,1,0) -> 12 | J13: =IF(DataEntry_SmartICT!D15<>"",DataEntry_SmartICT!D15,0)+IF(DataEntry_SmartICT!E15<>"",DataEntry_SmartICT!E15,0)+IF(DataEntry_SmartICT!F15<>"",6-DataEntry_SmartICT!F15,0)+IF(DataEntry_SmartICT!G15<>"",6-DataEntry_SmartICT!G15,0)+IF(DataEntry_SmartICT!H15<>"",DataEntry_SmartICT!H15,0)+IF(DataEntry_SmartICT!I15<>"",DataEntry_SmartICT!I15,0)+IF(DataEntry_SmartICT!J15<>"",6-DataEntry_SmartICT!J15,0)+IF(DataEntry_SmartICT!K15<>"",DataEntry_SmartICT!K15,0)+IF(DataEntry_SmartICT!L15<>"",6-DataEntry_SmartICT!L15,0)+IF(DataEntry_SmartICT!M15<>"",DataEntry_SmartICT!M15,0)+IF(DataEntry_SmartICT!N15<>"",6-DataEntry_SmartICT!N15,0)+IF(DataEntry_SmartICT!O15<>"",6-DataEntry_SmartICT!O15,0)+IF(DataEntry_SmartICT!P15<>"",6-DataEntry_SmartICT!P15,0)+IF(DataEntry_SmartICT!Q15<>"",6-DataEntry_SmartICT!Q15,0)+IF(DataEntry_SmartICT!R15<>"",6-DataEntry_SmartICT!R15,0)+IF(DataEntry_SmartICT!S15<>"",6-DataEntry_SmartICT!S15,0)+IF(DataEntry_SmartICT!T15<>"",6-DataEntry_SmartICT!T15,0)+IF(DataEntry_SmartICT!U15<>"",6-DataEntry_SmartICT!U15,0)+IF(DataEntry_SmartICT!V15<>"",DataEntry_SmartICT!V15,0)+IF(DataEntry_SmartICT!W15<>"",DataEntry_SmartICT!W15,0)+IF(DataEntry_SmartICT!X15<>"",DataEntry_SmartICT!X15,0)+IF(DataEntry_SmartICT!Y15<>"",6-DataEntry_SmartICT!Y15,0)+IF(DataEntry_SmartICT!Z15<>"",6-DataEntry_SmartICT!Z15,0)+IF(DataEntry_SmartICT!AA15<>"",DataEntry_SmartICT!AA15,0)+IF(DataEntry_SmartICT!AB15<>"",DataEntry_SmartICT!AB15,0)+IF(DataEntry_SmartICT!AC15<>"",6-DataEntry_SmartICT!AC15,0)+IF(DataEntry_SmartICT!AD15<>"",DataEntry_SmartICT!AD15,0) -> 0 | K13: =IF(H13<>"",IFERROR(H13+J13,H13),"") -> 0 | L13: =IF(H13="","",IF(H13/35<=Configurazione!C21,"Trascurabile",IF(H13/35<=Configurazione!C22,"Moderato","Rilevante"))) -> Trascurabile | M13: =IF(J13=0,"N/A",IF(J13/27<=Configurazione!C26,"Trascurabile",IF(J13/27<=Configurazione!C27,"Moderato","Rilevante"))) -> N/A
A14: =DataEntry_Standard!A16 -> COMP-012 | B14: =DataEntry_Standard!C16 -> 0 | C14: =IF(DataEntry_Standard!D16<>"",DataEntry_Standard!D16,0)+IF(DataEntry_Standard!E16<>"",6-DataEntry_Standard!E16,0)+IF(DataEntry_Standard!F16<>"",6-DataEntry_Standard!F16,0)+IF(DataEntry_Standard!G16<>"",DataEntry_Standard!G16,0)+IF(DataEntry_Standard!H16<>"",6-DataEntry_Standard!H16,0)+IF(DataEntry_Standard!I16<>"",DataEntry_Standard!I16,0)+IF(DataEntry_Standard!J16<>"",DataEntry_Standard!J16,0)+IF(DataEntry_Standard!K16<>"",DataEntry_Standard!K16,0)+IF(DataEntry_Standard!L16<>"",DataEntry_Standard!L16,0)+IF(DataEntry_Standard!M16<>"",DataEntry_Standard!M16,0) -> 0 | D14: =IF(DataEntry_Standard!N16<>"",DataEntry_Standard!N16,0)+IF(DataEntry_Standard!O16<>"",DataEntry_Standard!O16,0)+IF(DataEntry_Standard!P16<>"",DataEntry_Standard!P16,0)+IF(DataEntry_Standard!Q16<>"",6-DataEntry_Standard!Q16,0)+IF(DataEntry_Standard!R16<>"",6-DataEntry_Standard!R16,0)+IF(DataEntry_Standard!S16<>"",6-DataEntry_Standard!S16,0)+IF(DataEntry_Standard!T16<>"",DataEntry_Standard!T16,0)+IF(DataEntry_Standard!U16<>"",DataEntry_Standard!U16,0)+IF(DataEntry_Standard!V16<>"",DataEntry_Standard!V16,0) -> 0 | E14: =IF(DataEntry_Standard!W16<>"",DataEntry_Standard!W16,0)+IF(DataEntry_Standard!X16<>"",6-DataEntry_Standard!X16,0)+IF(DataEntry_Standard!Y16<>"",6-DataEntry_Standard!Y16,0)+IF(DataEntry_Standard!Z16<>"",DataEntry_Standard!Z16,0)+IF(DataEntry_Standard!AA16<>"",6-DataEntry_Standard!AA16,0)+IF(DataEntry_Standard!AB16<>"",DataEntry_Standard!AB16,0)+IF(DataEntry_Standard!AC16<>"",DataEntry_Standard!AC16,0)+IF(DataEntry_Standard!AD16<>"",DataEntry_Standard!AD16,0) -> 0 | F14: =IF(DataEntry_Standard!AE16<>"",DataEntry_Standard!AE16,0)+IF(DataEntry_Standard!AF16<>"",DataEntry_Standard!AF16,0)+IF(DataEntry_Standard!AG16<>"",6-DataEntry_Standard!AG16,0)+IF(DataEntry_Standard!AH16<>"",DataEntry_Standard!AH16,0)+IF(DataEntry_Standard!AI16<>"",6-DataEntry_Standard!AI16,0) -> 0 | G14: =IF(DataEntry_Standard!AJ16<>"",DataEntry_Standard!AJ16,0)+IF(DataEntry_Standard!AK16<>"",6-DataEntry_Standard!AK16,0)+IF(DataEntry_Standard!AL16<>"",DataEntry_Standard!AL16,0) -> 0 | H14: =IF(A14<>"",C14+D14+E14+F14+G14,"") -> 0 | I14: =IF(DataEntry_Standard!D16>=4,1,0)+IF(DataEntry_Standard!G16>=4,1,0)+IF(DataEntry_Standard!I16>=4,1,0)+IF(DataEntry_Standard!J16>=4,1,0)+IF(DataEntry_Standard!K16>=4,1,0)+IF(DataEntry_Standard!L16>=4,1,0)+IF(DataEntry_Standard!M16>=4,1,0)+IF(DataEntry_Standard!N16>=4,1,0)+IF(DataEntry_Standard!O16>=4,1,0)+IF(DataEntry_Standard!P16>=4,1,0)+IF(DataEntry_Standard!T16>=4,1,0)+IF(DataEntry_Standard!U16>=4,1,0)+IF(DataEntry_Standard!V16>=4,1,0)+IF(DataEntry_Standard!W16>=4,1,0)+IF(DataEntry_Standard!Z16>=4,1,0)+IF(DataEntry_Standard!AB16>=4,1,0)+IF(DataEntry_Standard!AC16>=4,1,0)+IF(DataEntry_Standard!AD16>=4,1,0)+IF(DataEntry_Standard!AE16>=4,1,0)+IF(DataEntry_Standard!AF16>=4,1,0)+IF(DataEntry_Standard!AH16>=4,1,0)+IF(DataEntry_Standard!AJ16>=4,1,0)+IF(DataEntry_Standard!AL16>=4,1,0)+IF(DataEntry_Standard!AI16<=2,1,0)+IF(DataEntry_Standard!E16<=2,1,0)+IF(DataEntry_Standard!F16<=2,1,0)+IF(DataEntry_Standard!AK16<=2,1,0)+IF(DataEntry_Standard!H16<=2,1,0)+IF(DataEntry_Standard!Q16<=2,1,0)+IF(DataEntry_Standard!R16<=2,1,0)+IF(DataEntry_Standard!S16<=2,1,0)+IF(DataEntry_Standard!X16<=2,1,0)+IF(DataEntry_Standard!Y16<=2,1,0)+IF(DataEntry_Standard!AA16<=2,1,0)+IF(DataEntry_Standard!AG16<=2,1,0) -> 12 | J14: =IF(DataEntry_SmartICT!D16<>"",DataEntry_SmartICT!D16,0)+IF(DataEntry_SmartICT!E16<>"",DataEntry_SmartICT!E16,0)+IF(DataEntry_SmartICT!F16<>"",6-DataEntry_SmartICT!F16,0)+IF(DataEntry_SmartICT!G16<>"",6-DataEntry_SmartICT!G16,0)+IF(DataEntry_SmartICT!H16<>"",DataEntry_SmartICT!H16,0)+IF(DataEntry_SmartICT!I16<>"",DataEntry_SmartICT!I16,0)+IF(DataEntry_SmartICT!J16<>"",6-DataEntry_SmartICT!J16,0)+IF(DataEntry_SmartICT!K16<>"",DataEntry_SmartICT!K16,0)+IF(DataEntry_SmartICT!L16<>"",6-DataEntry_SmartICT!L16,0)+IF(DataEntry_SmartICT!M16<>"",DataEntry_SmartICT!M16,0)+IF(DataEntry_SmartICT!N16<>"",6-DataEntry_SmartICT!N16,0)+IF(DataEntry_SmartICT!O16<>"",6-DataEntry_SmartICT!O16,0)+IF(DataEntry_SmartICT!P16<>"",6-DataEntry_SmartICT!P16,0)+IF(DataEntry_SmartICT!Q16<>"",6-DataEntry_SmartICT!Q16,0)+IF(DataEntry_SmartICT!R16<>"",6-DataEntry_SmartICT!R16,0)+IF(DataEntry_SmartICT!S16<>"",6-DataEntry_SmartICT!S16,0)+IF(DataEntry_SmartICT!T16<>"",6-DataEntry_SmartICT!T16,0)+IF(DataEntry_SmartICT!U16<>"",6-DataEntry_SmartICT!U16,0)+IF(DataEntry_SmartICT!V16<>"",DataEntry_SmartICT!V16,0)+IF(DataEntry_SmartICT!W16<>"",DataEntry_SmartICT!W16,0)+IF(DataEntry_SmartICT!X16<>"",DataEntry_SmartICT!X16,0)+IF(DataEntry_SmartICT!Y16<>"",6-DataEntry_SmartICT!Y16,0)+IF(DataEntry_SmartICT!Z16<>"",6-DataEntry_SmartICT!Z16,0)+IF(DataEntry_SmartICT!AA16<>"",DataEntry_SmartICT!AA16,0)+IF(DataEntry_SmartICT!AB16<>"",DataEntry_SmartICT!AB16,0)+IF(DataEntry_SmartICT!AC16<>"",6-DataEntry_SmartICT!AC16,0)+IF(DataEntry_SmartICT!AD16<>"",DataEntry_SmartICT!AD16,0) -> 0 | K14: =IF(H14<>"",IFERROR(H14+J14,H14),"") -> 0 | L14: =IF(H14="","",IF(H14/35<=Configurazione!C21,"Trascurabile",IF(H14/35<=Configurazione!C22,"Moderato","Rilevante"))) -> Trascurabile | M14: =IF(J14=0,"N/A",IF(J14/27<=Configurazione!C26,"Trascurabile",IF(J14/27<=Configurazione!C27,"Moderato","Rilevante"))) -> N/A
A15: =DataEntry_Standard!A17 -> COMP-013 | B15: =DataEntry_Standard!C17 -> 0 | C15: =IF(DataEntry_Standard!D17<>"",DataEntry_Standard!D17,0)+IF(DataEntry_Standard!E17<>"",6-DataEntry_Standard!E17,0)+IF(DataEntry_Standard!F17<>"",6-DataEntry_Standard!F17,0)+IF(DataEntry_Standard!G17<>"",DataEntry_Standard!G17,0)+IF(DataEntry_Standard!H17<>"",6-DataEntry_Standard!H17,0)+IF(DataEntry_Standard!I17<>"",DataEntry_Standard!I17,0)+IF(DataEntry_Standard!J17<>"",DataEntry_Standard!J17,0)+IF(DataEntry_Standard!K17<>"",DataEntry_Standard!K17,0)+IF(DataEntry_Standard!L17<>"",DataEntry_Standard!L17,0)+IF(DataEntry_Standard!M17<>"",DataEntry_Standard!M17,0) -> 0 | D15: =IF(DataEntry_Standard!N17<>"",DataEntry_Standard!N17,0)+IF(DataEntry_Standard!O17<>"",DataEntry_Standard!O17,0)+IF(DataEntry_Standard!P17<>"",DataEntry_Standard!P17,0)+IF(DataEntry_Standard!Q17<>"",6-DataEntry_Standard!Q17,0)+IF(DataEntry_Standard!R17<>"",6-DataEntry_Standard!R17,0)+IF(DataEntry_Standard!S17<>"",6-DataEntry_Standard!S17,0)+IF(DataEntry_Standard!T17<>"",DataEntry_Standard!T17,0)+IF(DataEntry_Standard!U17<>"",DataEntry_Standard!U17,0)+IF(DataEntry_Standard!V17<>"",DataEntry_Standard!V17,0) -> 0 | E15: =IF(DataEntry_Standard!W17<>"",DataEntry_Standard!W17,0)+IF(DataEntry_Standard!X17<>"",6-DataEntry_Standard!X17,0)+IF(DataEntry_Standard!Y17<>"",6-DataEntry_Standard!Y17,0)+IF(DataEntry_Standard!Z17<>"",DataEntry_Standard!Z17,0)+IF(DataEntry_Standard!AA17<>"",6-DataEntry_Standard!AA17,0)+IF(DataEntry_Standard!AB17<>"",DataEntry_Standard!AB17,0)+IF(DataEntry_Standard!AC17<>"",DataEntry_Standard!AC17,0)+IF(DataEntry_Standard!AD17<>"",DataEntry_Standard!AD17,0) -> 0 | F15: =IF(DataEntry_Standard!AE17<>"",DataEntry_Standard!AE17,0)+IF(DataEntry_Standard!AF17<>"",DataEntry_Standard!AF17,0)+IF(DataEntry_Standard!AG17<>"",6-DataEntry_Standard!AG17,0)+IF(DataEntry_Standard!AH17<>"",DataEntry_Standard!AH17,0)+IF(DataEntry_Standard!AI17<>"",6-DataEntry_Standard!AI17,0) -> 0 | G15: =IF(DataEntry_Standard!AJ17<>"",DataEntry_Standard!AJ17,0)+IF(DataEntry_Standard!AK17<>"",6-DataEntry_Standard!AK17,0)+IF(DataEntry_Standard!AL17<>"",DataEntry_Standard!AL17,0) -> 0 | H15: =IF(A15<>"",C15+D15+E15+F15+G15,"") -> 0 | I15: =IF(DataEntry_Standard!D17>=4,1,0)+IF(DataEntry_Standard!G17>=4,1,0)+IF(DataEntry_Standard!I17>=4,1,0)+IF(DataEntry_Standard!J17>=4,1,0)+IF(DataEntry_Standard!K17>=4,1,0)+IF(DataEntry_Standard!L17>=4,1,0)+IF(DataEntry_Standard!M17>=4,1,0)+IF(DataEntry_Standard!N17>=4,1,0)+IF(DataEntry_Standard!O17>=4,1,0)+IF(DataEntry_Standard!P17>=4,1,0)+IF(DataEntry_Standard!T17>=4,1,0)+IF(DataEntry_Standard!U17>=4,1,0)+IF(DataEntry_Standard!V17>=4,1,0)+IF(DataEntry_Standard!W17>=4,1,0)+IF(DataEntry_Standard!Z17>=4,1,0)+IF(DataEntry_Standard!AB17>=4,1,0)+IF(DataEntry_Standard!AC17>=4,1,0)+IF(DataEntry_Standard!AD17>=4,1,0)+IF(DataEntry_Standard!AE17>=4,1,0)+IF(DataEntry_Standard!AF17>=4,1,0)+IF(DataEntry_Standard!AH17>=4,1,0)+IF(DataEntry_Standard!AJ17>=4,1,0)+IF(DataEntry_Standard!AL17>=4,1,0)+IF(DataEntry_Standard!AI17<=2,1,0)+IF(DataEntry_Standard!E17<=2,1,0)+IF(DataEntry_Standard!F17<=2,1,0)+IF(DataEntry_Standard!AK17<=2,1,0)+IF(DataEntry_Standard!H17<=2,1,0)+IF(DataEntry_Standard!Q17<=2,1,0)+IF(DataEntry_Standard!R17<=2,1,0)+IF(DataEntry_Standard!S17<=2,1,0)+IF(DataEntry_Standard!X17<=2,1,0)+IF(DataEntry_Standard!Y17<=2,1,0)+IF(DataEntry_Standard!AA17<=2,1,0)+IF(DataEntry_Standard!AG17<=2,1,0) -> 12 | J15: =IF(DataEntry_SmartICT!D17<>"",DataEntry_SmartICT!D17,0)+IF(DataEntry_SmartICT!E17<>"",DataEntry_SmartICT!E17,0)+IF(DataEntry_SmartICT!F17<>"",6-DataEntry_SmartICT!F17,0)+IF(DataEntry_SmartICT!G17<>"",6-DataEntry_SmartICT!G17,0)+IF(DataEntry_SmartICT!H17<>"",DataEntry_SmartICT!H17,0)+IF(DataEntry_SmartICT!I17<>"",DataEntry_SmartICT!I17,0)+IF(DataEntry_SmartICT!J17<>"",6-DataEntry_SmartICT!J17,0)+IF(DataEntry_SmartICT!K17<>"",DataEntry_SmartICT!K17,0)+IF(DataEntry_SmartICT!L17<>"",6-DataEntry_SmartICT!L17,0)+IF(DataEntry_SmartICT!M17<>"",DataEntry_SmartICT!M17,0)+IF(DataEntry_SmartICT!N17<>"",6-DataEntry_SmartICT!N17,0)+IF(DataEntry_SmartICT!O17<>"",6-DataEntry_SmartICT!O17,0)+IF(DataEntry_SmartICT!P17<>"",6-DataEntry_SmartICT!P17,0)+IF(DataEntry_SmartICT!Q17<>"",6-DataEntry_SmartICT!Q17,0)+IF(DataEntry_SmartICT!R17<>"",6-DataEntry_SmartICT!R17,0)+IF(DataEntry_SmartICT!S17<>"",6-DataEntry_SmartICT!S17,0)+IF(DataEntry_SmartICT!T17<>"",6-DataEntry_SmartICT!T17,0)+IF(DataEntry_SmartICT!U17<>"",6-DataEntry_SmartICT!U17,0)+IF(DataEntry_SmartICT!V17<>"",DataEntry_SmartICT!V17,0)+IF(DataEntry_SmartICT!W17<>"",DataEntry_SmartICT!W17,0)+IF(DataEntry_SmartICT!X17<>"",DataEntry_SmartICT!X17,0)+IF(DataEntry_SmartICT!Y17<>"",6-DataEntry_SmartICT!Y17,0)+IF(DataEntry_SmartICT!Z17<>"",6-DataEntry_SmartICT!Z17,0)+IF(DataEntry_SmartICT!AA17<>"",DataEntry_SmartICT!AA17,0)+IF(DataEntry_SmartICT!AB17<>"",DataEntry_SmartICT!AB17,0)+IF(DataEntry_SmartICT!AC17<>"",6-DataEntry_SmartICT!AC17,0)+IF(DataEntry_SmartICT!AD17<>"",DataEntry_SmartICT!AD17,0) -> 0 | K15: =IF(H15<>"",IFERROR(H15+J15,H15),"") -> 0 | L15: =IF(H15="","",IF(H15/35<=Configurazione!C21,"Trascurabile",IF(H15/35<=Configurazione!C22,"Moderato","Rilevante"))) -> Trascurabile | M15: =IF(J15=0,"N/A",IF(J15/27<=Configurazione!C26,"Trascurabile",IF(J15/27<=Configurazione!C27,"Moderato","Rilevante"))) -> N/A
A16: =DataEntry_Standard!A18 -> COMP-014 | B16: =DataEntry_Standard!C18 -> 0 | C16: =IF(DataEntry_Standard!D18<>"",DataEntry_Standard!D18,0)+IF(DataEntry_Standard!E18<>"",6-DataEntry_Standard!E18,0)+IF(DataEntry_Standard!F18<>"",6-DataEntry_Standard!F18,0)+IF(DataEntry_Standard!G18<>"",DataEntry_Standard!G18,0)+IF(DataEntry_Standard!H18<>"",6-DataEntry_Standard!H18,0)+IF(DataEntry_Standard!I18<>"",DataEntry_Standard!I18,0)+IF(DataEntry_Standard!J18<>"",DataEntry_Standard!J18,0)+IF(DataEntry_Standard!K18<>"",DataEntry_Standard!K18,0)+IF(DataEntry_Standard!L18<>"",DataEntry_Standard!L18,0)+IF(DataEntry_Standard!M18<>"",DataEntry_Standard!M18,0) -> 0 | D16: =IF(DataEntry_Standard!N18<>"",DataEntry_Standard!N18,0)+IF(DataEntry_Standard!O18<>"",DataEntry_Standard!O18,0)+IF(DataEntry_Standard!P18<>"",DataEntry_Standard!P18,0)+IF(DataEntry_Standard!Q18<>"",6-DataEntry_Standard!Q18,0)+IF(DataEntry_Standard!R18<>"",6-DataEntry_Standard!R18,0)+IF(DataEntry_Standard!S18<>"",6-DataEntry_Standard!S18,0)+IF(DataEntry_Standard!T18<>"",DataEntry_Standard!T18,0)+IF(DataEntry_Standard!U18<>"",DataEntry_Standard!U18,0)+IF(DataEntry_Standard!V18<>"",DataEntry_Standard!V18,0) -> 0 | E16: =IF(DataEntry_Standard!W18<>"",DataEntry_Standard!W18,0)+IF(DataEntry_Standard!X18<>"",6-DataEntry_Standard!X18,0)+IF(DataEntry_Standard!Y18<>"",6-DataEntry_Standard!Y18,0)+IF(DataEntry_Standard!Z18<>"",DataEntry_Standard!Z18,0)+IF(DataEntry_Standard!AA18<>"",6-DataEntry_Standard!AA18,0)+IF(DataEntry_Standard!AB18<>"",DataEntry_Standard!AB18,0)+IF(DataEntry_Standard!AC18<>"",DataEntry_Standard!AC18,0)+IF(DataEntry_Standard!AD18<>"",DataEntry_Standard!AD18,0) -> 0 | F16: =IF(DataEntry_Standard!AE18<>"",DataEntry_Standard!AE18,0)+IF(DataEntry_Standard!AF18<>"",DataEntry_Standard!AF18,0)+IF(DataEntry_Standard!AG18<>"",6-DataEntry_Standard!AG18,0)+IF(DataEntry_Standard!AH18<>"",DataEntry_Standard!AH18,0)+IF(DataEntry_Standard!AI18<>"",6-DataEntry_Standard!AI18,0) -> 0 | G16: =IF(DataEntry_Standard!AJ18<>"",DataEntry_Standard!AJ18,0)+IF(DataEntry_Standard!AK18<>"",6-DataEntry_Standard!AK18,0)+IF(DataEntry_Standard!AL18<>"",DataEntry_Standard!AL18,0) -> 0 | H16: =IF(A16<>"",C16+D16+E16+F16+G16,"") -> 0 | I16: =IF(DataEntry_Standard!D18>=4,1,0)+IF(DataEntry_Standard!G18>=4,1,0)+IF(DataEntry_Standard!I18>=4,1,0)+IF(DataEntry_Standard!J18>=4,1,0)+IF(DataEntry_Standard!K18>=4,1,0)+IF(DataEntry_Standard!L18>=4,1,0)+IF(DataEntry_Standard!M18>=4,1,0)+IF(DataEntry_Standard!N18>=4,1,0)+IF(DataEntry_Standard!O18>=4,1,0)+IF(DataEntry_Standard!P18>=4,1,0)+IF(DataEntry_Standard!T18>=4,1,0)+IF(DataEntry_Standard!U18>=4,1,0)+IF(DataEntry_Standard!V18>=4,1,0)+IF(DataEntry_Standard!W18>=4,1,0)+IF(DataEntry_Standard!Z18>=4,1,0)+IF(DataEntry_Standard!AB18>=4,1,0)+IF(DataEntry_Standard!AC18>=4,1,0)+IF(DataEntry_Standard!AD18>=4,1,0)+IF(DataEntry_Standard!AE18>=4,1,0)+IF(DataEntry_Standard!AF18>=4,1,0)+IF(DataEntry_Standard!AH18>=4,1,0)+IF(DataEntry_Standard!AJ18>=4,1,0)+IF(DataEntry_Standard!AL18>=4,1,0)+IF(DataEntry_Standard!AI18<=2,1,0)+IF(DataEntry_Standard!E18<=2,1,0)+IF(DataEntry_Standard!F18<=2,1,0)+IF(DataEntry_Standard!AK18<=2,1,0)+IF(DataEntry_Standard!H18<=2,1,0)+IF(DataEntry_Standard!Q18<=2,1,0)+IF(DataEntry_Standard!R18<=2,1,0)+IF(DataEntry_Standard!S18<=2,1,0)+IF(DataEntry_Standard!X18<=2,1,0)+IF(DataEntry_Standard!Y18<=2,1,0)+IF(DataEntry_Standard!AA18<=2,1,0)+IF(DataEntry_Standard!AG18<=2,1,0) -> 12 | J16: =IF(DataEntry_SmartICT!D18<>"",DataEntry_SmartICT!D18,0)+IF(DataEntry_SmartICT!E18<>"",DataEntry_SmartICT!E18,0)+IF(DataEntry_SmartICT!F18<>"",6-DataEntry_SmartICT!F18,0)+IF(DataEntry_SmartICT!G18<>"",6-DataEntry_SmartICT!G18,0)+IF(DataEntry_SmartICT!H18<>"",DataEntry_SmartICT!H18,0)+IF(DataEntry_SmartICT!I18<>"",DataEntry_SmartICT!I18,0)+IF(DataEntry_SmartICT!J18<>"",6-DataEntry_SmartICT!J18,0)+IF(DataEntry_SmartICT!K18<>"",DataEntry_SmartICT!K18,0)+IF(DataEntry_SmartICT!L18<>"",6-DataEntry_SmartICT!L18,0)+IF(DataEntry_SmartICT!M18<>"",DataEntry_SmartICT!M18,0)+IF(DataEntry_SmartICT!N18<>"",6-DataEntry_SmartICT!N18,0)+IF(DataEntry_SmartICT!O18<>"",6-DataEntry_SmartICT!O18,0)+IF(DataEntry_SmartICT!P18<>"",6-DataEntry_SmartICT!P18,0)+IF(DataEntry_SmartICT!Q18<>"",6-DataEntry_SmartICT!Q18,0)+IF(DataEntry_SmartICT!R18<>"",6-DataEntry_SmartICT!R18,0)+IF(DataEntry_SmartICT!S18<>"",6-DataEntry_SmartICT!S18,0)+IF(DataEntry_SmartICT!T18<>"",6-DataEntry_SmartICT!T18,0)+IF(DataEntry_SmartICT!U18<>"",6-DataEntry_SmartICT!U18,0)+IF(DataEntry_SmartICT!V18<>"",DataEntry_SmartICT!V18,0)+IF(DataEntry_SmartICT!W18<>"",DataEntry_SmartICT!W18,0)+IF(DataEntry_SmartICT!X18<>"",DataEntry_SmartICT!X18,0)+IF(DataEntry_SmartICT!Y18<>"",6-DataEntry_SmartICT!Y18,0)+IF(DataEntry_SmartICT!Z18<>"",6-DataEntry_SmartICT!Z18,0)+IF(DataEntry_SmartICT!AA18<>"",DataEntry_SmartICT!AA18,0)+IF(DataEntry_SmartICT!AB18<>"",DataEntry_SmartICT!AB18,0)+IF(DataEntry_SmartICT!AC18<>"",6-DataEntry_SmartICT!AC18,0)+IF(DataEntry_SmartICT!AD18<>"",DataEntry_SmartICT!AD18,0) -> 0 | K16: =IF(H16<>"",IFERROR(H16+J16,H16),"") -> 0 | L16: =IF(H16="","",IF(H16/35<=Configurazione!C21,"Trascurabile",IF(H16/35<=Configurazione!C22,"Moderato","Rilevante"))) -> Trascurabile | M16: =IF(J16=0,"N/A",IF(J16/27<=Configurazione!C26,"Trascurabile",IF(J16/27<=Configurazione!C27,"Moderato","Rilevante"))) -> N/A
A17: =DataEntry_Standard!A19 -> COMP-015 | B17: =DataEntry_Standard!C19 -> 0 | C17: =IF(DataEntry_Standard!D19<>"",DataEntry_Standard!D19,0)+IF(DataEntry_Standard!E19<>"",6-DataEntry_Standard!E19,0)+IF(DataEntry_Standard!F19<>"",6-DataEntry_Standard!F19,0)+IF(DataEntry_Standard!G19<>"",DataEntry_Standard!G19,0)+IF(DataEntry_Standard!H19<>"",6-DataEntry_Standard!H19,0)+IF(DataEntry_Standard!I19<>"",DataEntry_Standard!I19,0)+IF(DataEntry_Standard!J19<>"",DataEntry_Standard!J19,0)+IF(DataEntry_Standard!K19<>"",DataEntry_Standard!K19,0)+IF(DataEntry_Standard!L19<>"",DataEntry_Standard!L19,0)+IF(DataEntry_Standard!M19<>"",DataEntry_Standard!M19,0) -> 0 | D17: =IF(DataEntry_Standard!N19<>"",DataEntry_Standard!N19,0)+IF(DataEntry_Standard!O19<>"",DataEntry_Standard!O19,0)+IF(DataEntry_Standard!P19<>"",DataEntry_Standard!P19,0)+IF(DataEntry_Standard!Q19<>"",6-DataEntry_Standard!Q19,0)+IF(DataEntry_Standard!R19<>"",6-DataEntry_Standard!R19,0)+IF(DataEntry_Standard!S19<>"",6-DataEntry_Standard!S19,0)+IF(DataEntry_Standard!T19<>"",DataEntry_Standard!T19,0)+IF(DataEntry_Standard!U19<>"",DataEntry_Standard!U19,0)+IF(DataEntry_Standard!V19<>"",DataEntry_Standard!V19,0) -> 0 | E17: =IF(DataEntry_Standard!W19<>"",DataEntry_Standard!W19,0)+IF(DataEntry_Standard!X19<>"",6-DataEntry_Standard!X19,0)+IF(DataEntry_Standard!Y19<>"",6-DataEntry_Standard!Y19,0)+IF(DataEntry_Standard!Z19<>"",DataEntry_Standard!Z19,0)+IF(DataEntry_Standard!AA19<>"",6-DataEntry_Standard!AA19,0)+IF(DataEntry_Standard!AB19<>"",DataEntry_Standard!AB19,0)+IF(DataEntry_Standard!AC19<>"",DataEntry_Standard!AC19,0)+IF(DataEntry_Standard!AD19<>"",DataEntry_Standard!AD19,0) -> 0 | F17: =IF(DataEntry_Standard!AE19<>"",DataEntry_Standard!AE19,0)+IF(DataEntry_Standard!AF19<>"",DataEntry_Standard!AF19,0)+IF(DataEntry_Standard!AG19<>"",6-DataEntry_Standard!AG19,0)+IF(DataEntry_Standard!AH19<>"",DataEntry_Standard!AH19,0)+IF(DataEntry_Standard!AI19<>"",6-DataEntry_Standard!AI19,0) -> 0 | G17: =IF(DataEntry_Standard!AJ19<>"",DataEntry_Standard!AJ19,0)+IF(DataEntry_Standard!AK19<>"",6-DataEntry_Standard!AK19,0)+IF(DataEntry_Standard!AL19<>"",DataEntry_Standard!AL19,0) -> 0 | H17: =IF(A17<>"",C17+D17+E17+F17+G17,"") -> 0 | I17: =IF(DataEntry_Standard!D19>=4,1,0)+IF(DataEntry_Standard!G19>=4,1,0)+IF(DataEntry_Standard!I19>=4,1,0)+IF(DataEntry_Standard!J19>=4,1,0)+IF(DataEntry_Standard!K19>=4,1,0)+IF(DataEntry_Standard!L19>=4,1,0)+IF(DataEntry_Standard!M19>=4,1,0)+IF(DataEntry_Standard!N19>=4,1,0)+IF(DataEntry_Standard!O19>=4,1,0)+IF(DataEntry_Standard!P19>=4,1,0)+IF(DataEntry_Standard!T19>=4,1,0)+IF(DataEntry_Standard!U19>=4,1,0)+IF(DataEntry_Standard!V19>=4,1,0)+IF(DataEntry_Standard!W19>=4,1,0)+IF(DataEntry_Standard!Z19>=4,1,0)+IF(DataEntry_Standard!AB19>=4,1,0)+IF(DataEntry_Standard!AC19>=4,1,0)+IF(DataEntry_Standard!AD19>=4,1,0)+IF(DataEntry_Standard!AE19>=4,1,0)+IF(DataEntry_Standard!AF19>=4,1,0)+IF(DataEntry_Standard!AH19>=4,1,0)+IF(DataEntry_Standard!AJ19>=4,1,0)+IF(DataEntry_Standard!AL19>=4,1,0)+IF(DataEntry_Standard!AI19<=2,1,0)+IF(DataEntry_Standard!E19<=2,1,0)+IF(DataEntry_Standard!F19<=2,1,0)+IF(DataEntry_Standard!AK19<=2,1,0)+IF(DataEntry_Standard!H19<=2,1,0)+IF(DataEntry_Standard!Q19<=2,1,0)+IF(DataEntry_Standard!R19<=2,1,0)+IF(DataEntry_Standard!S19<=2,1,0)+IF(DataEntry_Standard!X19<=2,1,0)+IF(DataEntry_Standard!Y19<=2,1,0)+IF(DataEntry_Standard!AA19<=2,1,0)+IF(DataEntry_Standard!AG19<=2,1,0) -> 12 | J17: =IF(DataEntry_SmartICT!D19<>"",DataEntry_SmartICT!D19,0)+IF(DataEntry_SmartICT!E19<>"",DataEntry_SmartICT!E19,0)+IF(DataEntry_SmartICT!F19<>"",6-DataEntry_SmartICT!F19,0)+IF(DataEntry_SmartICT!G19<>"",6-DataEntry_SmartICT!G19,0)+IF(DataEntry_SmartICT!H19<>"",DataEntry_SmartICT!H19,0)+IF(DataEntry_SmartICT!I19<>"",DataEntry_SmartICT!I19,0)+IF(DataEntry_SmartICT!J19<>"",6-DataEntry_SmartICT!J19,0)+IF(DataEntry_SmartICT!K19<>"",DataEntry_SmartICT!K19,0)+IF(DataEntry_SmartICT!L19<>"",6-DataEntry_SmartICT!L19,0)+IF(DataEntry_SmartICT!M19<>"",DataEntry_SmartICT!M19,0)+IF(DataEntry_SmartICT!N19<>"",6-DataEntry_SmartICT!N19,0)+IF(DataEntry_SmartICT!O19<>"",6-DataEntry_SmartICT!O19,0)+IF(DataEntry_SmartICT!P19<>"",6-DataEntry_SmartICT!P19,0)+IF(DataEntry_SmartICT!Q19<>"",6-DataEntry_SmartICT!Q19,0)+IF(DataEntry_SmartICT!R19<>"",6-DataEntry_SmartICT!R19,0)+IF(DataEntry_SmartICT!S19<>"",6-DataEntry_SmartICT!S19,0)+IF(DataEntry_SmartICT!T19<>"",6-DataEntry_SmartICT!T19,0)+IF(DataEntry_SmartICT!U19<>"",6-DataEntry_SmartICT!U19,0)+IF(DataEntry_SmartICT!V19<>"",DataEntry_SmartICT!V19,0)+IF(DataEntry_SmartICT!W19<>"",DataEntry_SmartICT!W19,0)+IF(DataEntry_SmartICT!X19<>"",DataEntry_SmartICT!X19,0)+IF(DataEntry_SmartICT!Y19<>"",6-DataEntry_SmartICT!Y19,0)+IF(DataEntry_SmartICT!Z19<>"",6-DataEntry_SmartICT!Z19,0)+IF(DataEntry_SmartICT!AA19<>"",DataEntry_SmartICT!AA19,0)+IF(DataEntry_SmartICT!AB19<>"",DataEntry_SmartICT!AB19,0)+IF(DataEntry_SmartICT!AC19<>"",6-DataEntry_SmartICT!AC19,0)+IF(DataEntry_SmartICT!AD19<>"",DataEntry_SmartICT!AD19,0) -> 0 | K17: =IF(H17<>"",IFERROR(H17+J17,H17),"") -> 0 | L17: =IF(H17="","",IF(H17/35<=Configurazione!C21,"Trascurabile",IF(H17/35<=Configurazione!C22,"Moderato","Rilevante"))) -> Trascurabile | M17: =IF(J17=0,"N/A",IF(J17/27<=Configurazione!C26,"Trascurabile",IF(J17/27<=Configurazione!C27,"Moderato","Rilevante"))) -> N/A
A18: =DataEntry_Standard!A20 -> COMP-016 | B18: =DataEntry_Standard!C20 -> 0 | C18: =IF(DataEntry_Standard!D20<>"",DataEntry_Standard!D20,0)+IF(DataEntry_Standard!E20<>"",6-DataEntry_Standard!E20,0)+IF(DataEntry_Standard!F20<>"",6-DataEntry_Standard!F20,0)+IF(DataEntry_Standard!G20<>"",DataEntry_Standard!G20,0)+IF(DataEntry_Standard!H20<>"",6-DataEntry_Standard!H20,0)+IF(DataEntry_Standard!I20<>"",DataEntry_Standard!I20,0)+IF(DataEntry_Standard!J20<>"",DataEntry_Standard!J20,0)+IF(DataEntry_Standard!K20<>"",DataEntry_Standard!K20,0)+IF(DataEntry_Standard!L20<>"",DataEntry_Standard!L20,0)+IF(DataEntry_Standard!M20<>"",DataEntry_Standard!M20,0) -> 0 | D18: =IF(DataEntry_Standard!N20<>"",DataEntry_Standard!N20,0)+IF(DataEntry_Standard!O20<>"",DataEntry_Standard!O20,0)+IF(DataEntry_Standard!P20<>"",DataEntry_Standard!P20,0)+IF(DataEntry_Standard!Q20<>"",6-DataEntry_Standard!Q20,0)+IF(DataEntry_Standard!R20<>"",6-DataEntry_Standard!R20,0)+IF(DataEntry_Standard!S20<>"",6-DataEntry_Standard!S20,0)+IF(DataEntry_Standard!T20<>"",DataEntry_Standard!T20,0)+IF(DataEntry_Standard!U20<>"",DataEntry_Standard!U20,0)+IF(DataEntry_Standard!V20<>"",DataEntry_Standard!V20,0) -> 0 | E18: =IF(DataEntry_Standard!W20<>"",DataEntry_Standard!W20,0)+IF(DataEntry_Standard!X20<>"",6-DataEntry_Standard!X20,0)+IF(DataEntry_Standard!Y20<>"",6-DataEntry_Standard!Y20,0)+IF(DataEntry_Standard!Z20<>"",DataEntry_Standard!Z20,0)+IF(DataEntry_Standard!AA20<>"",6-DataEntry_Standard!AA20,0)+IF(DataEntry_Standard!AB20<>"",DataEntry_Standard!AB20,0)+IF(DataEntry_Standard!AC20<>"",DataEntry_Standard!AC20,0)+IF(DataEntry_Standard!AD20<>"",DataEntry_Standard!AD20,0) -> 0 | F18: =IF(DataEntry_Standard!AE20<>"",DataEntry_Standard!AE20,0)+IF(DataEntry_Standard!AF20<>"",DataEntry_Standard!AF20,0)+IF(DataEntry_Standard!AG20<>"",6-DataEntry_Standard!AG20,0)+IF(DataEntry_Standard!AH20<>"",DataEntry_Standard!AH20,0)+IF(DataEntry_Standard!AI20<>"",6-DataEntry_Standard!AI20,0) -> 0 | G18: =IF(DataEntry_Standard!AJ20<>"",DataEntry_Standard!AJ20,0)+IF(DataEntry_Standard!AK20<>"",6-DataEntry_Standard!AK20,0)+IF(DataEntry_Standard!AL20<>"",DataEntry_Standard!AL20,0) -> 0 | H18: =IF(A18<>"",C18+D18+E18+F18+G18,"") -> 0 | I18: =IF(DataEntry_Standard!D20>=4,1,0)+IF(DataEntry_Standard!G20>=4,1,0)+IF(DataEntry_Standard!I20>=4,1,0)+IF(DataEntry_Standard!J20>=4,1,0)+IF(DataEntry_Standard!K20>=4,1,0)+IF(DataEntry_Standard!L20>=4,1,0)+IF(DataEntry_Standard!M20>=4,1,0)+IF(DataEntry_Standard!N20>=4,1,0)+IF(DataEntry_Standard!O20>=4,1,0)+IF(DataEntry_Standard!P20>=4,1,0)+IF(DataEntry_Standard!T20>=4,1,0)+IF(DataEntry_Standard!U20>=4,1,0)+IF(DataEntry_Standard!V20>=4,1,0)+IF(DataEntry_Standard!W20>=4,1,0)+IF(DataEntry_Standard!Z20>=4,1,0)+IF(DataEntry_Standard!AB20>=4,1,0)+IF(DataEntry_Standard!AC20>=4,1,0)+IF(DataEntry_Standard!AD20>=4,1,0)+IF(DataEntry_Standard!AE20>=4,1,0)+IF(DataEntry_Standard!AF20>=4,1,0)+IF(DataEntry_Standard!AH20>=4,1,0)+IF(DataEntry_Standard!AJ20>=4,1,0)+IF(DataEntry_Standard!AL20>=4,1,0)+IF(DataEntry_Standard!AI20<=2,1,0)+IF(DataEntry_Standard!E20<=2,1,0)+IF(DataEntry_Standard!F20<=2,1,0)+IF(DataEntry_Standard!AK20<=2,1,0)+IF(DataEntry_Standard!H20<=2,1,0)+IF(DataEntry_Standard!Q20<=2,1,0)+IF(DataEntry_Standard!R20<=2,1,0)+IF(DataEntry_Standard!S20<=2,1,0)+IF(DataEntry_Standard!X20<=2,1,0)+IF(DataEntry_Standard!Y20<=2,1,0)+IF(DataEntry_Standard!AA20<=2,1,0)+IF(DataEntry_Standard!AG20<=2,1,0) -> 12 | J18: =IF(DataEntry_SmartICT!D20<>"",DataEntry_SmartICT!D20,0)+IF(DataEntry_SmartICT!E20<>"",DataEntry_SmartICT!E20,0)+IF(DataEntry_SmartICT!F20<>"",6-DataEntry_SmartICT!F20,0)+IF(DataEntry_SmartICT!G20<>"",6-DataEntry_SmartICT!G20,0)+IF(DataEntry_SmartICT!H20<>"",DataEntry_SmartICT!H20,0)+IF(DataEntry_SmartICT!I20<>"",DataEntry_SmartICT!I20,0)+IF(DataEntry_SmartICT!J20<>"",6-DataEntry_SmartICT!J20,0)+IF(DataEntry_SmartICT!K20<>"",DataEntry_SmartICT!K20,0)+IF(DataEntry_SmartICT!L20<>"",6-DataEntry_SmartICT!L20,0)+IF(DataEntry_SmartICT!M20<>"",DataEntry_SmartICT!M20,0)+IF(DataEntry_SmartICT!N20<>"",6-DataEntry_SmartICT!N20,0)+IF(DataEntry_SmartICT!O20<>"",6-DataEntry_SmartICT!O20,0)+IF(DataEntry_SmartICT!P20<>"",6-DataEntry_SmartICT!P20,0)+IF(DataEntry_SmartICT!Q20<>"",6-DataEntry_SmartICT!Q20,0)+IF(DataEntry_SmartICT!R20<>"",6-DataEntry_SmartICT!R20,0)+IF(DataEntry_SmartICT!S20<>"",6-DataEntry_SmartICT!S20,0)+IF(DataEntry_SmartICT!T20<>"",6-DataEntry_SmartICT!T20,0)+IF(DataEntry_SmartICT!U20<>"",6-DataEntry_SmartICT!U20,0)+IF(DataEntry_SmartICT!V20<>"",DataEntry_SmartICT!V20,0)+IF(DataEntry_SmartICT!W20<>"",DataEntry_SmartICT!W20,0)+IF(DataEntry_SmartICT!X20<>"",DataEntry_SmartICT!X20,0)+IF(DataEntry_SmartICT!Y20<>"",6-DataEntry_SmartICT!Y20,0)+IF(DataEntry_SmartICT!Z20<>"",6-DataEntry_SmartICT!Z20,0)+IF(DataEntry_SmartICT!AA20<>"",DataEntry_SmartICT!AA20,0)+IF(DataEntry_SmartICT!AB20<>"",DataEntry_SmartICT!AB20,0)+IF(DataEntry_SmartICT!AC20<>"",6-DataEntry_SmartICT!AC20,0)+IF(DataEntry_SmartICT!AD20<>"",DataEntry_SmartICT!AD20,0) -> 0 | K18: =IF(H18<>"",IFERROR(H18+J18,H18),"") -> 0 | L18: =IF(H18="","",IF(H18/35<=Configurazione!C21,"Trascurabile",IF(H18/35<=Configurazione!C22,"Moderato","Rilevante"))) -> Trascurabile | M18: =IF(J18=0,"N/A",IF(J18/27<=Configurazione!C26,"Trascurabile",IF(J18/27<=Configurazione!C27,"Moderato","Rilevante"))) -> N/A
A19: =DataEntry_Standard!A21 -> COMP-017 | B19: =DataEntry_Standard!C21 -> 0 | C19: =IF(DataEntry_Standard!D21<>"",DataEntry_Standard!D21,0)+IF(DataEntry_Standard!E21<>"",6-DataEntry_Standard!E21,0)+IF(DataEntry_Standard!F21<>"",6-DataEntry_Standard!F21,0)+IF(DataEntry_Standard!G21<>"",DataEntry_Standard!G21,0)+IF(DataEntry_Standard!H21<>"",6-DataEntry_Standard!H21,0)+IF(DataEntry_Standard!I21<>"",DataEntry_Standard!I21,0)+IF(DataEntry_Standard!J21<>"",DataEntry_Standard!J21,0)+IF(DataEntry_Standard!K21<>"",DataEntry_Standard!K21,0)+IF(DataEntry_Standard!L21<>"",DataEntry_Standard!L21,0)+IF(DataEntry_Standard!M21<>"",DataEntry_Standard!M21,0) -> 0 | D19: =IF(DataEntry_Standard!N21<>"",DataEntry_Standard!N21,0)+IF(DataEntry_Standard!O21<>"",DataEntry_Standard!O21,0)+IF(DataEntry_Standard!P21<>"",DataEntry_Standard!P21,0)+IF(DataEntry_Standard!Q21<>"",6-DataEntry_Standard!Q21,0)+IF(DataEntry_Standard!R21<>"",6-DataEntry_Standard!R21,0)+IF(DataEntry_Standard!S21<>"",6-DataEntry_Standard!S21,0)+IF(DataEntry_Standard!T21<>"",DataEntry_Standard!T21,0)+IF(DataEntry_Standard!U21<>"",DataEntry_Standard!U21,0)+IF(DataEntry_Standard!V21<>"",DataEntry_Standard!V21,0) -> 0 | E19: =IF(DataEntry_Standard!W21<>"",DataEntry_Standard!W21,0)+IF(DataEntry_Standard!X21<>"",6-DataEntry_Standard!X21,0)+IF(DataEntry_Standard!Y21<>"",6-DataEntry_Standard!Y21,0)+IF(DataEntry_Standard!Z21<>"",DataEntry_Standard!Z21,0)+IF(DataEntry_Standard!AA21<>"",6-DataEntry_Standard!AA21,0)+IF(DataEntry_Standard!AB21<>"",DataEntry_Standard!AB21,0)+IF(DataEntry_Standard!AC21<>"",DataEntry_Standard!AC21,0)+IF(DataEntry_Standard!AD21<>"",DataEntry_Standard!AD21,0) -> 0 | F19: =IF(DataEntry_Standard!AE21<>"",DataEntry_Standard!AE21,0)+IF(DataEntry_Standard!AF21<>"",DataEntry_Standard!AF21,0)+IF(DataEntry_Standard!AG21<>"",6-DataEntry_Standard!AG21,0)+IF(DataEntry_Standard!AH21<>"",DataEntry_Standard!AH21,0)+IF(DataEntry_Standard!AI21<>"",6-DataEntry_Standard!AI21,0) -> 0 | G19: =IF(DataEntry_Standard!AJ21<>"",DataEntry_Standard!AJ21,0)+IF(DataEntry_Standard!AK21<>"",6-DataEntry_Standard!AK21,0)+IF(DataEntry_Standard!AL21<>"",DataEntry_Standard!AL21,0) -> 0 | H19: =IF(A19<>"",C19+D19+E19+F19+G19,"") -> 0 | I19: =IF(DataEntry_Standard!D21>=4,1,0)+IF(DataEntry_Standard!G21>=4,1,0)+IF(DataEntry_Standard!I21>=4,1,0)+IF(DataEntry_Standard!J21>=4,1,0)+IF(DataEntry_Standard!K21>=4,1,0)+IF(DataEntry_Standard!L21>=4,1,0)+IF(DataEntry_Standard!M21>=4,1,0)+IF(DataEntry_Standard!N21>=4,1,0)+IF(DataEntry_Standard!O21>=4,1,0)+IF(DataEntry_Standard!P21>=4,1,0)+IF(DataEntry_Standard!T21>=4,1,0)+IF(DataEntry_Standard!U21>=4,1,0)+IF(DataEntry_Standard!V21>=4,1,0)+IF(DataEntry_Standard!W21>=4,1,0)+IF(DataEntry_Standard!Z21>=4,1,0)+IF(DataEntry_Standard!AB21>=4,1,0)+IF(DataEntry_Standard!AC21>=4,1,0)+IF(DataEntry_Standard!AD21>=4,1,0)+IF(DataEntry_Standard!AE21>=4,1,0)+IF(DataEntry_Standard!AF21>=4,1,0)+IF(DataEntry_Standard!AH21>=4,1,0)+IF(DataEntry_Standard!AJ21>=4,1,0)+IF(DataEntry_Standard!AL21>=4,1,0)+IF(DataEntry_Standard!AI21<=2,1,0)+IF(DataEntry_Standard!E21<=2,1,0)+IF(DataEntry_Standard!F21<=2,1,0)+IF(DataEntry_Standard!AK21<=2,1,0)+IF(DataEntry_Standard!H21<=2,1,0)+IF(DataEntry_Standard!Q21<=2,1,0)+IF(DataEntry_Standard!R21<=2,1,0)+IF(DataEntry_Standard!S21<=2,1,0)+IF(DataEntry_Standard!X21<=2,1,0)+IF(DataEntry_Standard!Y21<=2,1,0)+IF(DataEntry_Standard!AA21<=2,1,0)+IF(DataEntry_Standard!AG21<=2,1,0) -> 12 | J19: =IF(DataEntry_SmartICT!D21<>"",DataEntry_SmartICT!D21,0)+IF(DataEntry_SmartICT!E21<>"",DataEntry_SmartICT!E21,0)+IF(DataEntry_SmartICT!F21<>"",6-DataEntry_SmartICT!F21,0)+IF(DataEntry_SmartICT!G21<>"",6-DataEntry_SmartICT!G21,0)+IF(DataEntry_SmartICT!H21<>"",DataEntry_SmartICT!H21,0)+IF(DataEntry_SmartICT!I21<>"",DataEntry_SmartICT!I21,0)+IF(DataEntry_SmartICT!J21<>"",6-DataEntry_SmartICT!J21,0)+IF(DataEntry_SmartICT!K21<>"",DataEntry_SmartICT!K21,0)+IF(DataEntry_SmartICT!L21<>"",6-DataEntry_SmartICT!L21,0)+IF(DataEntry_SmartICT!M21<>"",DataEntry_SmartICT!M21,0)+IF(DataEntry_SmartICT!N21<>"",6-DataEntry_SmartICT!N21,0)+IF(DataEntry_SmartICT!O21<>"",6-DataEntry_SmartICT!O21,0)+IF(DataEntry_SmartICT!P21<>"",6-DataEntry_SmartICT!P21,0)+IF(DataEntry_SmartICT!Q21<>"",6-DataEntry_SmartICT!Q21,0)+IF(DataEntry_SmartICT!R21<>"",6-DataEntry_SmartICT!R21,0)+IF(DataEntry_SmartICT!S21<>"",6-DataEntry_SmartICT!S21,0)+IF(DataEntry_SmartICT!T21<>"",6-DataEntry_SmartICT!T21,0)+IF(DataEntry_SmartICT!U21<>"",6-DataEntry_SmartICT!U21,0)+IF(DataEntry_SmartICT!V21<>"",DataEntry_SmartICT!V21,0)+IF(DataEntry_SmartICT!W21<>"",DataEntry_SmartICT!W21,0)+IF(DataEntry_SmartICT!X21<>"",DataEntry_SmartICT!X21,0)+IF(DataEntry_SmartICT!Y21<>"",6-DataEntry_SmartICT!Y21,0)+IF(DataEntry_SmartICT!Z21<>"",6-DataEntry_SmartICT!Z21,0)+IF(DataEntry_SmartICT!AA21<>"",DataEntry_SmartICT!AA21,0)+IF(DataEntry_SmartICT!AB21<>"",DataEntry_SmartICT!AB21,0)+IF(DataEntry_SmartICT!AC21<>"",6-DataEntry_SmartICT!AC21,0)+IF(DataEntry_SmartICT!AD21<>"",DataEntry_SmartICT!AD21,0) -> 0 | K19: =IF(H19<>"",IFERROR(H19+J19,H19),"") -> 0 | L19: =IF(H19="","",IF(H19/35<=Configurazione!C21,"Trascurabile",IF(H19/35<=Configurazione!C22,"Moderato","Rilevante"))) -> Trascurabile | M19: =IF(J19=0,"N/A",IF(J19/27<=Configurazione!C26,"Trascurabile",IF(J19/27<=Configurazione!C27,"Moderato","Rilevante"))) -> N/A
A20: =DataEntry_Standard!A22 -> COMP-018 | B20: =DataEntry_Standard!C22 -> 0 | C20: =IF(DataEntry_Standard!D22<>"",DataEntry_Standard!D22,0)+IF(DataEntry_Standard!E22<>"",6-DataEntry_Standard!E22,0)+IF(DataEntry_Standard!F22<>"",6-DataEntry_Standard!F22,0)+IF(DataEntry_Standard!G22<>"",DataEntry_Standard!G22,0)+IF(DataEntry_Standard!H22<>"",6-DataEntry_Standard!H22,0)+IF(DataEntry_Standard!I22<>"",DataEntry_Standard!I22,0)+IF(DataEntry_Standard!J22<>"",DataEntry_Standard!J22,0)+IF(DataEntry_Standard!K22<>"",DataEntry_Standard!K22,0)+IF(DataEntry_Standard!L22<>"",DataEntry_Standard!L22,0)+IF(DataEntry_Standard!M22<>"",DataEntry_Standard!M22,0) -> 0 | D20: =IF(DataEntry_Standard!N22<>"",DataEntry_Standard!N22,0)+IF(DataEntry_Standard!O22<>"",DataEntry_Standard!O22,0)+IF(DataEntry_Standard!P22<>"",DataEntry_Standard!P22,0)+IF(DataEntry_Standard!Q22<>"",6-DataEntry_Standard!Q22,0)+IF(DataEntry_Standard!R22<>"",6-DataEntry_Standard!R22,0)+IF(DataEntry_Standard!S22<>"",6-DataEntry_Standard!S22,0)+IF(DataEntry_Standard!T22<>"",DataEntry_Standard!T22,0)+IF(DataEntry_Standard!U22<>"",DataEntry_Standard!U22,0)+IF(DataEntry_Standard!V22<>"",DataEntry_Standard!V22,0) -> 0 | E20: =IF(DataEntry_Standard!W22<>"",DataEntry_Standard!W22,0)+IF(DataEntry_Standard!X22<>"",6-DataEntry_Standard!X22,0)+IF(DataEntry_Standard!Y22<>"",6-DataEntry_Standard!Y22,0)+IF(DataEntry_Standard!Z22<>"",DataEntry_Standard!Z22,0)+IF(DataEntry_Standard!AA22<>"",6-DataEntry_Standard!AA22,0)+IF(DataEntry_Standard!AB22<>"",DataEntry_Standard!AB22,0)+IF(DataEntry_Standard!AC22<>"",DataEntry_Standard!AC22,0)+IF(DataEntry_Standard!AD22<>"",DataEntry_Standard!AD22,0) -> 0 | F20: =IF(DataEntry_Standard!AE22<>"",DataEntry_Standard!AE22,0)+IF(DataEntry_Standard!AF22<>"",DataEntry_Standard!AF22,0)+IF(DataEntry_Standard!AG22<>"",6-DataEntry_Standard!AG22,0)+IF(DataEntry_Standard!AH22<>"",DataEntry_Standard!AH22,0)+IF(DataEntry_Standard!AI22<>"",6-DataEntry_Standard!AI22,0) -> 0 | G20: =IF(DataEntry_Standard!AJ22<>"",DataEntry_Standard!AJ22,0)+IF(DataEntry_Standard!AK22<>"",6-DataEntry_Standard!AK22,0)+IF(DataEntry_Standard!AL22<>"",DataEntry_Standard!AL22,0) -> 0 | H20: =IF(A20<>"",C20+D20+E20+F20+G20,"") -> 0 | I20: =IF(DataEntry_Standard!D22>=4,1,0)+IF(DataEntry_Standard!G22>=4,1,0)+IF(DataEntry_Standard!I22>=4,1,0)+IF(DataEntry_Standard!J22>=4,1,0)+IF(DataEntry_Standard!K22>=4,1,0)+IF(DataEntry_Standard!L22>=4,1,0)+IF(DataEntry_Standard!M22>=4,1,0)+IF(DataEntry_Standard!N22>=4,1,0)+IF(DataEntry_Standard!O22>=4,1,0)+IF(DataEntry_Standard!P22>=4,1,0)+IF(DataEntry_Standard!T22>=4,1,0)+IF(DataEntry_Standard!U22>=4,1,0)+IF(DataEntry_Standard!V22>=4,1,0)+IF(DataEntry_Standard!W22>=4,1,0)+IF(DataEntry_Standard!Z22>=4,1,0)+IF(DataEntry_Standard!AB22>=4,1,0)+IF(DataEntry_Standard!AC22>=4,1,0)+IF(DataEntry_Standard!AD22>=4,1,0)+IF(DataEntry_Standard!AE22>=4,1,0)+IF(DataEntry_Standard!AF22>=4,1,0)+IF(DataEntry_Standard!AH22>=4,1,0)+IF(DataEntry_Standard!AJ22>=4,1,0)+IF(DataEntry_Standard!AL22>=4,1,0)+IF(DataEntry_Standard!AI22<=2,1,0)+IF(DataEntry_Standard!E22<=2,1,0)+IF(DataEntry_Standard!F22<=2,1,0)+IF(DataEntry_Standard!AK22<=2,1,0)+IF(DataEntry_Standard!H22<=2,1,0)+IF(DataEntry_Standard!Q22<=2,1,0)+IF(DataEntry_Standard!R22<=2,1,0)+IF(DataEntry_Standard!S22<=2,1,0)+IF(DataEntry_Standard!X22<=2,1,0)+IF(DataEntry_Standard!Y22<=2,1,0)+IF(DataEntry_Standard!AA22<=2,1,0)+IF(DataEntry_Standard!AG22<=2,1,0) -> 12 | J20: =IF(DataEntry_SmartICT!D22<>"",DataEntry_SmartICT!D22,0)+IF(DataEntry_SmartICT!E22<>"",DataEntry_SmartICT!E22,0)+IF(DataEntry_SmartICT!F22<>"",6-DataEntry_SmartICT!F22,0)+IF(DataEntry_SmartICT!G22<>"",6-DataEntry_SmartICT!G22,0)+IF(DataEntry_SmartICT!H22<>"",DataEntry_SmartICT!H22,0)+IF(DataEntry_SmartICT!I22<>"",DataEntry_SmartICT!I22,0)+IF(DataEntry_SmartICT!J22<>"",6-DataEntry_SmartICT!J22,0)+IF(DataEntry_SmartICT!K22<>"",DataEntry_SmartICT!K22,0)+IF(DataEntry_SmartICT!L22<>"",6-DataEntry_SmartICT!L22,0)+IF(DataEntry_SmartICT!M22<>"",DataEntry_SmartICT!M22,0)+IF(DataEntry_SmartICT!N22<>"",6-DataEntry_SmartICT!N22,0)+IF(DataEntry_SmartICT!O22<>"",6-DataEntry_SmartICT!O22,0)+IF(DataEntry_SmartICT!P22<>"",6-DataEntry_SmartICT!P22,0)+IF(DataEntry_SmartICT!Q22<>"",6-DataEntry_SmartICT!Q22,0)+IF(DataEntry_SmartICT!R22<>"",6-DataEntry_SmartICT!R22,0)+IF(DataEntry_SmartICT!S22<>"",6-DataEntry_SmartICT!S22,0)+IF(DataEntry_SmartICT!T22<>"",6-DataEntry_SmartICT!T22,0)+IF(DataEntry_SmartICT!U22<>"",6-DataEntry_SmartICT!U22,0)+IF(DataEntry_SmartICT!V22<>"",DataEntry_SmartICT!V22,0)+IF(DataEntry_SmartICT!W22<>"",DataEntry_SmartICT!W22,0)+IF(DataEntry_SmartICT!X22<>"",DataEntry_SmartICT!X22,0)+IF(DataEntry_SmartICT!Y22<>"",6-DataEntry_SmartICT!Y22,0)+IF(DataEntry_SmartICT!Z22<>"",6-DataEntry_SmartICT!Z22,0)+IF(DataEntry_SmartICT!AA22<>"",DataEntry_SmartICT!AA22,0)+IF(DataEntry_SmartICT!AB22<>"",DataEntry_SmartICT!AB22,0)+IF(DataEntry_SmartICT!AC22<>"",6-DataEntry_SmartICT!AC22,0)+IF(DataEntry_SmartICT!AD22<>"",DataEntry_SmartICT!AD22,0) -> 0 | K20: =IF(H20<>"",IFERROR(H20+J20,H20),"") -> 0 | L20: =IF(H20="","",IF(H20/35<=Configurazione!C21,"Trascurabile",IF(H20/35<=Configurazione!C22,"Moderato","Rilevante"))) -> Trascurabile | M20: =IF(J20=0,"N/A",IF(J20/27<=Configurazione!C26,"Trascurabile",IF(J20/27<=Configurazione!C27,"Moderato","Rilevante"))) -> N/A
A21: =DataEntry_Standard!A23 -> COMP-019 | B21: =DataEntry_Standard!C23 -> 0 | C21: =IF(DataEntry_Standard!D23<>"",DataEntry_Standard!D23,0)+IF(DataEntry_Standard!E23<>"",6-DataEntry_Standard!E23,0)+IF(DataEntry_Standard!F23<>"",6-DataEntry_Standard!F23,0)+IF(DataEntry_Standard!G23<>"",DataEntry_Standard!G23,0)+IF(DataEntry_Standard!H23<>"",6-DataEntry_Standard!H23,0)+IF(DataEntry_Standard!I23<>"",DataEntry_Standard!I23,0)+IF(DataEntry_Standard!J23<>"",DataEntry_Standard!J23,0)+IF(DataEntry_Standard!K23<>"",DataEntry_Standard!K23,0)+IF(DataEntry_Standard!L23<>"",DataEntry_Standard!L23,0)+IF(DataEntry_Standard!M23<>"",DataEntry_Standard!M23,0) -> 0 | D21: =IF(DataEntry_Standard!N23<>"",DataEntry_Standard!N23,0)+IF(DataEntry_Standard!O23<>"",DataEntry_Standard!O23,0)+IF(DataEntry_Standard!P23<>"",DataEntry_Standard!P23,0)+IF(DataEntry_Standard!Q23<>"",6-DataEntry_Standard!Q23,0)+IF(DataEntry_Standard!R23<>"",6-DataEntry_Standard!R23,0)+IF(DataEntry_Standard!S23<>"",6-DataEntry_Standard!S23,0)+IF(DataEntry_Standard!T23<>"",DataEntry_Standard!T23,0)+IF(DataEntry_Standard!U23<>"",DataEntry_Standard!U23,0)+IF(DataEntry_Standard!V23<>"",DataEntry_Standard!V23,0) -> 0 | E21: =IF(DataEntry_Standard!W23<>"",DataEntry_Standard!W23,0)+IF(DataEntry_Standard!X23<>"",6-DataEntry_Standard!X23,0)+IF(DataEntry_Standard!Y23<>"",6-DataEntry_Standard!Y23,0)+IF(DataEntry_Standard!Z23<>"",DataEntry_Standard!Z23,0)+IF(DataEntry_Standard!AA23<>"",6-DataEntry_Standard!AA23,0)+IF(DataEntry_Standard!AB23<>"",DataEntry_Standard!AB23,0)+IF(DataEntry_Standard!AC23<>"",DataEntry_Standard!AC23,0)+IF(DataEntry_Standard!AD23<>"",DataEntry_Standard!AD23,0) -> 0 | F21: =IF(DataEntry_Standard!AE23<>"",DataEntry_Standard!AE23,0)+IF(DataEntry_Standard!AF23<>"",DataEntry_Standard!AF23,0)+IF(DataEntry_Standard!AG23<>"",6-DataEntry_Standard!AG23,0)+IF(DataEntry_Standard!AH23<>"",DataEntry_Standard!AH23,0)+IF(DataEntry_Standard!AI23<>"",6-DataEntry_Standard!AI23,0) -> 0 | G21: =IF(DataEntry_Standard!AJ23<>"",DataEntry_Standard!AJ23,0)+IF(DataEntry_Standard!AK23<>"",6-DataEntry_Standard!AK23,0)+IF(DataEntry_Standard!AL23<>"",DataEntry_Standard!AL23,0) -> 0 | H21: =IF(A21<>"",C21+D21+E21+F21+G21,"") -> 0 | I21: =IF(DataEntry_Standard!D23>=4,1,0)+IF(DataEntry_Standard!G23>=4,1,0)+IF(DataEntry_Standard!I23>=4,1,0)+IF(DataEntry_Standard!J23>=4,1,0)+IF(DataEntry_Standard!K23>=4,1,0)+IF(DataEntry_Standard!L23>=4,1,0)+IF(DataEntry_Standard!M23>=4,1,0)+IF(DataEntry_Standard!N23>=4,1,0)+IF(DataEntry_Standard!O23>=4,1,0)+IF(DataEntry_Standard!P23>=4,1,0)+IF(DataEntry_Standard!T23>=4,1,0)+IF(DataEntry_Standard!U23>=4,1,0)+IF(DataEntry_Standard!V23>=4,1,0)+IF(DataEntry_Standard!W23>=4,1,0)+IF(DataEntry_Standard!Z23>=4,1,0)+IF(DataEntry_Standard!AB23>=4,1,0)+IF(DataEntry_Standard!AC23>=4,1,0)+IF(DataEntry_Standard!AD23>=4,1,0)+IF(DataEntry_Standard!AE23>=4,1,0)+IF(DataEntry_Standard!AF23>=4,1,0)+IF(DataEntry_Standard!AH23>=4,1,0)+IF(DataEntry_Standard!AJ23>=4,1,0)+IF(DataEntry_Standard!AL23>=4,1,0)+IF(DataEntry_Standard!AI23<=2,1,0)+IF(DataEntry_Standard!E23<=2,1,0)+IF(DataEntry_Standard!F23<=2,1,0)+IF(DataEntry_Standard!AK23<=2,1,0)+IF(DataEntry_Standard!H23<=2,1,0)+IF(DataEntry_Standard!Q23<=2,1,0)+IF(DataEntry_Standard!R23<=2,1,0)+IF(DataEntry_Standard!S23<=2,1,0)+IF(DataEntry_Standard!X23<=2,1,0)+IF(DataEntry_Standard!Y23<=2,1,0)+IF(DataEntry_Standard!AA23<=2,1,0)+IF(DataEntry_Standard!AG23<=2,1,0) -> 12 | J21: =IF(DataEntry_SmartICT!D23<>"",DataEntry_SmartICT!D23,0)+IF(DataEntry_SmartICT!E23<>"",DataEntry_SmartICT!E23,0)+IF(DataEntry_SmartICT!F23<>"",6-DataEntry_SmartICT!F23,0)+IF(DataEntry_SmartICT!G23<>"",6-DataEntry_SmartICT!G23,0)+IF(DataEntry_SmartICT!H23<>"",DataEntry_SmartICT!H23,0)+IF(DataEntry_SmartICT!I23<>"",DataEntry_SmartICT!I23,0)+IF(DataEntry_SmartICT!J23<>"",6-DataEntry_SmartICT!J23,0)+IF(DataEntry_SmartICT!K23<>"",DataEntry_SmartICT!K23,0)+IF(DataEntry_SmartICT!L23<>"",6-DataEntry_SmartICT!L23,0)+IF(DataEntry_SmartICT!M23<>"",DataEntry_SmartICT!M23,0)+IF(DataEntry_SmartICT!N23<>"",6-DataEntry_SmartICT!N23,0)+IF(DataEntry_SmartICT!O23<>"",6-DataEntry_SmartICT!O23,0)+IF(DataEntry_SmartICT!P23<>"",6-DataEntry_SmartICT!P23,0)+IF(DataEntry_SmartICT!Q23<>"",6-DataEntry_SmartICT!Q23,0)+IF(DataEntry_SmartICT!R23<>"",6-DataEntry_SmartICT!R23,0)+IF(DataEntry_SmartICT!S23<>"",6-DataEntry_SmartICT!S23,0)+IF(DataEntry_SmartICT!T23<>"",6-DataEntry_SmartICT!T23,0)+IF(DataEntry_SmartICT!U23<>"",6-DataEntry_SmartICT!U23,0)+IF(DataEntry_SmartICT!V23<>"",DataEntry_SmartICT!V23,0)+IF(DataEntry_SmartICT!W23<>"",DataEntry_SmartICT!W23,0)+IF(DataEntry_SmartICT!X23<>"",DataEntry_SmartICT!X23,0)+IF(DataEntry_SmartICT!Y23<>"",6-DataEntry_SmartICT!Y23,0)+IF(DataEntry_SmartICT!Z23<>"",6-DataEntry_SmartICT!Z23,0)+IF(DataEntry_SmartICT!AA23<>"",DataEntry_SmartICT!AA23,0)+IF(DataEntry_SmartICT!AB23<>"",DataEntry_SmartICT!AB23,0)+IF(DataEntry_SmartICT!AC23<>"",6-DataEntry_SmartICT!AC23,0)+IF(DataEntry_SmartICT!AD23<>"",DataEntry_SmartICT!AD23,0) -> 0 | K21: =IF(H21<>"",IFERROR(H21+J21,H21),"") -> 0 | L21: =IF(H21="","",IF(H21/35<=Configurazione!C21,"Trascurabile",IF(H21/35<=Configurazione!C22,"Moderato","Rilevante"))) -> Trascurabile | M21: =IF(J21=0,"N/A",IF(J21/27<=Configurazione!C26,"Trascurabile",IF(J21/27<=Configurazione!C27,"Moderato","Rilevante"))) -> N/A
A22: =DataEntry_Standard!A24 -> COMP-020 | B22: =DataEntry_Standard!C24 -> 0 | C22: =IF(DataEntry_Standard!D24<>"",DataEntry_Standard!D24,0)+IF(DataEntry_Standard!E24<>"",6-DataEntry_Standard!E24,0)+IF(DataEntry_Standard!F24<>"",6-DataEntry_Standard!F24,0)+IF(DataEntry_Standard!G24<>"",DataEntry_Standard!G24,0)+IF(DataEntry_Standard!H24<>"",6-DataEntry_Standard!H24,0)+IF(DataEntry_Standard!I24<>"",DataEntry_Standard!I24,0)+IF(DataEntry_Standard!J24<>"",DataEntry_Standard!J24,0)+IF(DataEntry_Standard!K24<>"",DataEntry_Standard!K24,0)+IF(DataEntry_Standard!L24<>"",DataEntry_Standard!L24,0)+IF(DataEntry_Standard!M24<>"",DataEntry_Standard!M24,0) -> 0 | D22: =IF(DataEntry_Standard!N24<>"",DataEntry_Standard!N24,0)+IF(DataEntry_Standard!O24<>"",DataEntry_Standard!O24,0)+IF(DataEntry_Standard!P24<>"",DataEntry_Standard!P24,0)+IF(DataEntry_Standard!Q24<>"",6-DataEntry_Standard!Q24,0)+IF(DataEntry_Standard!R24<>"",6-DataEntry_Standard!R24,0)+IF(DataEntry_Standard!S24<>"",6-DataEntry_Standard!S24,0)+IF(DataEntry_Standard!T24<>"",DataEntry_Standard!T24,0)+IF(DataEntry_Standard!U24<>"",DataEntry_Standard!U24,0)+IF(DataEntry_Standard!V24<>"",DataEntry_Standard!V24,0) -> 0 | E22: =IF(DataEntry_Standard!W24<>"",DataEntry_Standard!W24,0)+IF(DataEntry_Standard!X24<>"",6-DataEntry_Standard!X24,0)+IF(DataEntry_Standard!Y24<>"",6-DataEntry_Standard!Y24,0)+IF(DataEntry_Standard!Z24<>"",DataEntry_Standard!Z24,0)+IF(DataEntry_Standard!AA24<>"",6-DataEntry_Standard!AA24,0)+IF(DataEntry_Standard!AB24<>"",DataEntry_Standard!AB24,0)+IF(DataEntry_Standard!AC24<>"",DataEntry_Standard!AC24,0)+IF(DataEntry_Standard!AD24<>"",DataEntry_Standard!AD24,0) -> 0 | F22: =IF(DataEntry_Standard!AE24<>"",DataEntry_Standard!AE24,0)+IF(DataEntry_Standard!AF24<>"",DataEntry_Standard!AF24,0)+IF(DataEntry_Standard!AG24<>"",6-DataEntry_Standard!AG24,0)+IF(DataEntry_Standard!AH24<>"",DataEntry_Standard!AH24,0)+IF(DataEntry_Standard!AI24<>"",6-DataEntry_Standard!AI24,0) -> 0 | G22: =IF(DataEntry_Standard!AJ24<>"",DataEntry_Standard!AJ24,0)+IF(DataEntry_Standard!AK24<>"",6-DataEntry_Standard!AK24,0)+IF(DataEntry_Standard!AL24<>"",DataEntry_Standard!AL24,0) -> 0 | H22: =IF(A22<>"",C22+D22+E22+F22+G22,"") -> 0 | I22: =IF(DataEntry_Standard!D24>=4,1,0)+IF(DataEntry_Standard!G24>=4,1,0)+IF(DataEntry_Standard!I24>=4,1,0)+IF(DataEntry_Standard!J24>=4,1,0)+IF(DataEntry_Standard!K24>=4,1,0)+IF(DataEntry_Standard!L24>=4,1,0)+IF(DataEntry_Standard!M24>=4,1,0)+IF(DataEntry_Standard!N24>=4,1,0)+IF(DataEntry_Standard!O24>=4,1,0)+IF(DataEntry_Standard!P24>=4,1,0)+IF(DataEntry_Standard!T24>=4,1,0)+IF(DataEntry_Standard!U24>=4,1,0)+IF(DataEntry_Standard!V24>=4,1,0)+IF(DataEntry_Standard!W24>=4,1,0)+IF(DataEntry_Standard!Z24>=4,1,0)+IF(DataEntry_Standard!AB24>=4,1,0)+IF(DataEntry_Standard!AC24>=4,1,0)+IF(DataEntry_Standard!AD24>=4,1,0)+IF(DataEntry_Standard!AE24>=4,1,0)+IF(DataEntry_Standard!AF24>=4,1,0)+IF(DataEntry_Standard!AH24>=4,1,0)+IF(DataEntry_Standard!AJ24>=4,1,0)+IF(DataEntry_Standard!AL24>=4,1,0)+IF(DataEntry_Standard!AI24<=2,1,0)+IF(DataEntry_Standard!E24<=2,1,0)+IF(DataEntry_Standard!F24<=2,1,0)+IF(DataEntry_Standard!AK24<=2,1,0)+IF(DataEntry_Standard!H24<=2,1,0)+IF(DataEntry_Standard!Q24<=2,1,0)+IF(DataEntry_Standard!R24<=2,1,0)+IF(DataEntry_Standard!S24<=2,1,0)+IF(DataEntry_Standard!X24<=2,1,0)+IF(DataEntry_Standard!Y24<=2,1,0)+IF(DataEntry_Standard!AA24<=2,1,0)+IF(DataEntry_Standard!AG24<=2,1,0) -> 12 | J22: =IF(DataEntry_SmartICT!D24<>"",DataEntry_SmartICT!D24,0)+IF(DataEntry_SmartICT!E24<>"",DataEntry_SmartICT!E24,0)+IF(DataEntry_SmartICT!F24<>"",6-DataEntry_SmartICT!F24,0)+IF(DataEntry_SmartICT!G24<>"",6-DataEntry_SmartICT!G24,0)+IF(DataEntry_SmartICT!H24<>"",DataEntry_SmartICT!H24,0)+IF(DataEntry_SmartICT!I24<>"",DataEntry_SmartICT!I24,0)+IF(DataEntry_SmartICT!J24<>"",6-DataEntry_SmartICT!J24,0)+IF(DataEntry_SmartICT!K24<>"",DataEntry_SmartICT!K24,0)+IF(DataEntry_SmartICT!L24<>"",6-DataEntry_SmartICT!L24,0)+IF(DataEntry_SmartICT!M24<>"",DataEntry_SmartICT!M24,0)+IF(DataEntry_SmartICT!N24<>"",6-DataEntry_SmartICT!N24,0)+IF(DataEntry_SmartICT!O24<>"",6-DataEntry_SmartICT!O24,0)+IF(DataEntry_SmartICT!P24<>"",6-DataEntry_SmartICT!P24,0)+IF(DataEntry_SmartICT!Q24<>"",6-DataEntry_SmartICT!Q24,0)+IF(DataEntry_SmartICT!R24<>"",6-DataEntry_SmartICT!R24,0)+IF(DataEntry_SmartICT!S24<>"",6-DataEntry_SmartICT!S24,0)+IF(DataEntry_SmartICT!T24<>"",6-DataEntry_SmartICT!T24,0)+IF(DataEntry_SmartICT!U24<>"",6-DataEntry_SmartICT!U24,0)+IF(DataEntry_SmartICT!V24<>"",DataEntry_SmartICT!V24,0)+IF(DataEntry_SmartICT!W24<>"",DataEntry_SmartICT!W24,0)+IF(DataEntry_SmartICT!X24<>"",DataEntry_SmartICT!X24,0)+IF(DataEntry_SmartICT!Y24<>"",6-DataEntry_SmartICT!Y24,0)+IF(DataEntry_SmartICT!Z24<>"",6-DataEntry_SmartICT!Z24,0)+IF(DataEntry_SmartICT!AA24<>"",DataEntry_SmartICT!AA24,0)+IF(DataEntry_SmartICT!AB24<>"",DataEntry_SmartICT!AB24,0)+IF(DataEntry_SmartICT!AC24<>"",6-DataEntry_SmartICT!AC24,0)+IF(DataEntry_SmartICT!AD24<>"",DataEntry_SmartICT!AD24,0) -> 0 | K22: =IF(H22<>"",IFERROR(H22+J22,H22),"") -> 0 | L22: =IF(H22="","",IF(H22/35<=Configurazione!C21,"Trascurabile",IF(H22/35<=Configurazione!C22,"Moderato","Rilevante"))) -> Trascurabile | M22: =IF(J22=0,"N/A",IF(J22/27<=Configurazione!C26,"Trascurabile",IF(J22/27<=Configurazione!C27,"Moderato","Rilevante"))) -> N/A
A23: =DataEntry_Standard!A25 -> COMP-021 | B23: =DataEntry_Standard!C25 -> 0 | C23: =IF(DataEntry_Standard!D25<>"",DataEntry_Standard!D25,0)+IF(DataEntry_Standard!E25<>"",6-DataEntry_Standard!E25,0)+IF(DataEntry_Standard!F25<>"",6-DataEntry_Standard!F25,0)+IF(DataEntry_Standard!G25<>"",DataEntry_Standard!G25,0)+IF(DataEntry_Standard!H25<>"",6-DataEntry_Standard!H25,0)+IF(DataEntry_Standard!I25<>"",DataEntry_Standard!I25,0)+IF(DataEntry_Standard!J25<>"",DataEntry_Standard!J25,0)+IF(DataEntry_Standard!K25<>"",DataEntry_Standard!K25,0)+IF(DataEntry_Standard!L25<>"",DataEntry_Standard!L25,0)+IF(DataEntry_Standard!M25<>"",DataEntry_Standard!M25,0) -> 0 | D23: =IF(DataEntry_Standard!N25<>"",DataEntry_Standard!N25,0)+IF(DataEntry_Standard!O25<>"",DataEntry_Standard!O25,0)+IF(DataEntry_Standard!P25<>"",DataEntry_Standard!P25,0)+IF(DataEntry_Standard!Q25<>"",6-DataEntry_Standard!Q25,0)+IF(DataEntry_Standard!R25<>"",6-DataEntry_Standard!R25,0)+IF(DataEntry_Standard!S25<>"",6-DataEntry_Standard!S25,0)+IF(DataEntry_Standard!T25<>"",DataEntry_Standard!T25,0)+IF(DataEntry_Standard!U25<>"",DataEntry_Standard!U25,0)+IF(DataEntry_Standard!V25<>"",DataEntry_Standard!V25,0) -> 0 | E23: =IF(DataEntry_Standard!W25<>"",DataEntry_Standard!W25,0)+IF(DataEntry_Standard!X25<>"",6-DataEntry_Standard!X25,0)+IF(DataEntry_Standard!Y25<>"",6-DataEntry_Standard!Y25,0)+IF(DataEntry_Standard!Z25<>"",DataEntry_Standard!Z25,0)+IF(DataEntry_Standard!AA25<>"",6-DataEntry_Standard!AA25,0)+IF(DataEntry_Standard!AB25<>"",DataEntry_Standard!AB25,0)+IF(DataEntry_Standard!AC25<>"",DataEntry_Standard!AC25,0)+IF(DataEntry_Standard!AD25<>"",DataEntry_Standard!AD25,0) -> 0 | F23: =IF(DataEntry_Standard!AE25<>"",DataEntry_Standard!AE25,0)+IF(DataEntry_Standard!AF25<>"",DataEntry_Standard!AF25,0)+IF(DataEntry_Standard!AG25<>"",6-DataEntry_Standard!AG25,0)+IF(DataEntry_Standard!AH25<>"",DataEntry_Standard!AH25,0)+IF(DataEntry_Standard!AI25<>"",6-DataEntry_Standard!AI25,0) -> 0 | G23: =IF(DataEntry_Standard!AJ25<>"",DataEntry_Standard!AJ25,0)+IF(DataEntry_Standard!AK25<>"",6-DataEntry_Standard!AK25,0)+IF(DataEntry_Standard!AL25<>"",DataEntry_Standard!AL25,0) -> 0 | H23: =IF(A23<>"",C23+D23+E23+F23+G23,"") -> 0 | I23: =IF(DataEntry_Standard!D25>=4,1,0)+IF(DataEntry_Standard!G25>=4,1,0)+IF(DataEntry_Standard!I25>=4,1,0)+IF(DataEntry_Standard!J25>=4,1,0)+IF(DataEntry_Standard!K25>=4,1,0)+IF(DataEntry_Standard!L25>=4,1,0)+IF(DataEntry_Standard!M25>=4,1,0)+IF(DataEntry_Standard!N25>=4,1,0)+IF(DataEntry_Standard!O25>=4,1,0)+IF(DataEntry_Standard!P25>=4,1,0)+IF(DataEntry_Standard!T25>=4,1,0)+IF(DataEntry_Standard!U25>=4,1,0)+IF(DataEntry_Standard!V25>=4,1,0)+IF(DataEntry_Standard!W25>=4,1,0)+IF(DataEntry_Standard!Z25>=4,1,0)+IF(DataEntry_Standard!AB25>=4,1,0)+IF(DataEntry_Standard!AC25>=4,1,0)+IF(DataEntry_Standard!AD25>=4,1,0)+IF(DataEntry_Standard!AE25>=4,1,0)+IF(DataEntry_Standard!AF25>=4,1,0)+IF(DataEntry_Standard!AH25>=4,1,0)+IF(DataEntry_Standard!AJ25>=4,1,0)+IF(DataEntry_Standard!AL25>=4,1,0)+IF(DataEntry_Standard!AI25<=2,1,0)+IF(DataEntry_Standard!E25<=2,1,0)+IF(DataEntry_Standard!F25<=2,1,0)+IF(DataEntry_Standard!AK25<=2,1,0)+IF(DataEntry_Standard!H25<=2,1,0)+IF(DataEntry_Standard!Q25<=2,1,0)+IF(DataEntry_Standard!R25<=2,1,0)+IF(DataEntry_Standard!S25<=2,1,0)+IF(DataEntry_Standard!X25<=2,1,0)+IF(DataEntry_Standard!Y25<=2,1,0)+IF(DataEntry_Standard!AA25<=2,1,0)+IF(DataEntry_Standard!AG25<=2,1,0) -> 12 | J23: =IF(DataEntry_SmartICT!D25<>"",DataEntry_SmartICT!D25,0)+IF(DataEntry_SmartICT!E25<>"",DataEntry_SmartICT!E25,0)+IF(DataEntry_SmartICT!F25<>"",6-DataEntry_SmartICT!F25,0)+IF(DataEntry_SmartICT!G25<>"",6-DataEntry_SmartICT!G25,0)+IF(DataEntry_SmartICT!H25<>"",DataEntry_SmartICT!H25,0)+IF(DataEntry_SmartICT!I25<>"",DataEntry_SmartICT!I25,0)+IF(DataEntry_SmartICT!J25<>"",6-DataEntry_SmartICT!J25,0)+IF(DataEntry_SmartICT!K25<>"",DataEntry_SmartICT!K25,0)+IF(DataEntry_SmartICT!L25<>"",6-DataEntry_SmartICT!L25,0)+IF(DataEntry_SmartICT!M25<>"",DataEntry_SmartICT!M25,0)+IF(DataEntry_SmartICT!N25<>"",6-DataEntry_SmartICT!N25,0)+IF(DataEntry_SmartICT!O25<>"",6-DataEntry_SmartICT!O25,0)+IF(DataEntry_SmartICT!P25<>"",6-DataEntry_SmartICT!P25,0)+IF(DataEntry_SmartICT!Q25<>"",6-DataEntry_SmartICT!Q25,0)+IF(DataEntry_SmartICT!R25<>"",6-DataEntry_SmartICT!R25,0)+IF(DataEntry_SmartICT!S25<>"",6-DataEntry_SmartICT!S25,0)+IF(DataEntry_SmartICT!T25<>"",6-DataEntry_SmartICT!T25,0)+IF(DataEntry_SmartICT!U25<>"",6-DataEntry_SmartICT!U25,0)+IF(DataEntry_SmartICT!V25<>"",DataEntry_SmartICT!V25,0)+IF(DataEntry_SmartICT!W25<>"",DataEntry_SmartICT!W25,0)+IF(DataEntry_SmartICT!X25<>"",DataEntry_SmartICT!X25,0)+IF(DataEntry_SmartICT!Y25<>"",6-DataEntry_SmartICT!Y25,0)+IF(DataEntry_SmartICT!Z25<>"",6-DataEntry_SmartICT!Z25,0)+IF(DataEntry_SmartICT!AA25<>"",DataEntry_SmartICT!AA25,0)+IF(DataEntry_SmartICT!AB25<>"",DataEntry_SmartICT!AB25,0)+IF(DataEntry_SmartICT!AC25<>"",6-DataEntry_SmartICT!AC25,0)+IF(DataEntry_SmartICT!AD25<>"",DataEntry_SmartICT!AD25,0) -> 0 | K23: =IF(H23<>"",IFERROR(H23+J23,H23),"") -> 0 | L23: =IF(H23="","",IF(H23/35<=Configurazione!C21,"Trascurabile",IF(H23/35<=Configurazione!C22,"Moderato","Rilevante"))) -> Trascurabile | M23: =IF(J23=0,"N/A",IF(J23/27<=Configurazione!C26,"Trascurabile",IF(J23/27<=Configurazione!C27,"Moderato","Rilevante"))) -> N/A
A24: =DataEntry_Standard!A26 -> COMP-022 | B24: =DataEntry_Standard!C26 -> 0 | C24: =IF(DataEntry_Standard!D26<>"",DataEntry_Standard!D26,0)+IF(DataEntry_Standard!E26<>"",6-DataEntry_Standard!E26,0)+IF(DataEntry_Standard!F26<>"",6-DataEntry_Standard!F26,0)+IF(DataEntry_Standard!G26<>"",DataEntry_Standard!G26,0)+IF(DataEntry_Standard!H26<>"",6-DataEntry_Standard!H26,0)+IF(DataEntry_Standard!I26<>"",DataEntry_Standard!I26,0)+IF(DataEntry_Standard!J26<>"",DataEntry_Standard!J26,0)+IF(DataEntry_Standard!K26<>"",DataEntry_Standard!K26,0)+IF(DataEntry_Standard!L26<>"",DataEntry_Standard!L26,0)+IF(DataEntry_Standard!M26<>"",DataEntry_Standard!M26,0) -> 0 | D24: =IF(DataEntry_Standard!N26<>"",DataEntry_Standard!N26,0)+IF(DataEntry_Standard!O26<>"",DataEntry_Standard!O26,0)+IF(DataEntry_Standard!P26<>"",DataEntry_Standard!P26,0)+IF(DataEntry_Standard!Q26<>"",6-DataEntry_Standard!Q26,0)+IF(DataEntry_Standard!R26<>"",6-DataEntry_Standard!R26,0)+IF(DataEntry_Standard!S26<>"",6-DataEntry_Standard!S26,0)+IF(DataEntry_Standard!T26<>"",DataEntry_Standard!T26,0)+IF(DataEntry_Standard!U26<>"",DataEntry_Standard!U26,0)+IF(DataEntry_Standard!V26<>"",DataEntry_Standard!V26,0) -> 0 | E24: =IF(DataEntry_Standard!W26<>"",DataEntry_Standard!W26,0)+IF(DataEntry_Standard!X26<>"",6-DataEntry_Standard!X26,0)+IF(DataEntry_Standard!Y26<>"",6-DataEntry_Standard!Y26,0)+IF(DataEntry_Standard!Z26<>"",DataEntry_Standard!Z26,0)+IF(DataEntry_Standard!AA26<>"",6-DataEntry_Standard!AA26,0)+IF(DataEntry_Standard!AB26<>"",DataEntry_Standard!AB26,0)+IF(DataEntry_Standard!AC26<>"",DataEntry_Standard!AC26,0)+IF(DataEntry_Standard!AD26<>"",DataEntry_Standard!AD26,0) -> 0 | F24: =IF(DataEntry_Standard!AE26<>"",DataEntry_Standard!AE26,0)+IF(DataEntry_Standard!AF26<>"",DataEntry_Standard!AF26,0)+IF(DataEntry_Standard!AG26<>"",6-DataEntry_Standard!AG26,0)+IF(DataEntry_Standard!AH26<>"",DataEntry_Standard!AH26,0)+IF(DataEntry_Standard!AI26<>"",6-DataEntry_Standard!AI26,0) -> 0 | G24: =IF(DataEntry_Standard!AJ26<>"",DataEntry_Standard!AJ26,0)+IF(DataEntry_Standard!AK26<>"",6-DataEntry_Standard!AK26,0)+IF(DataEntry_Standard!AL26<>"",DataEntry_Standard!AL26,0) -> 0 | H24: =IF(A24<>"",C24+D24+E24+F24+G24,"") -> 0 | I24: =IF(DataEntry_Standard!D26>=4,1,0)+IF(DataEntry_Standard!G26>=4,1,0)+IF(DataEntry_Standard!I26>=4,1,0)+IF(DataEntry_Standard!J26>=4,1,0)+IF(DataEntry_Standard!K26>=4,1,0)+IF(DataEntry_Standard!L26>=4,1,0)+IF(DataEntry_Standard!M26>=4,1,0)+IF(DataEntry_Standard!N26>=4,1,0)+IF(DataEntry_Standard!O26>=4,1,0)+IF(DataEntry_Standard!P26>=4,1,0)+IF(DataEntry_Standard!T26>=4,1,0)+IF(DataEntry_Standard!U26>=4,1,0)+IF(DataEntry_Standard!V26>=4,1,0)+IF(DataEntry_Standard!W26>=4,1,0)+IF(DataEntry_Standard!Z26>=4,1,0)+IF(DataEntry_Standard!AB26>=4,1,0)+IF(DataEntry_Standard!AC26>=4,1,0)+IF(DataEntry_Standard!AD26>=4,1,0)+IF(DataEntry_Standard!AE26>=4,1,0)+IF(DataEntry_Standard!AF26>=4,1,0)+IF(DataEntry_Standard!AH26>=4,1,0)+IF(DataEntry_Standard!AJ26>=4,1,0)+IF(DataEntry_Standard!AL26>=4,1,0)+IF(DataEntry_Standard!AI26<=2,1,0)+IF(DataEntry_Standard!E26<=2,1,0)+IF(DataEntry_Standard!F26<=2,1,0)+IF(DataEntry_Standard!AK26<=2,1,0)+IF(DataEntry_Standard!H26<=2,1,0)+IF(DataEntry_Standard!Q26<=2,1,0)+IF(DataEntry_Standard!R26<=2,1,0)+IF(DataEntry_Standard!S26<=2,1,0)+IF(DataEntry_Standard!X26<=2,1,0)+IF(DataEntry_Standard!Y26<=2,1,0)+IF(DataEntry_Standard!AA26<=2,1,0)+IF(DataEntry_Standard!AG26<=2,1,0) -> 12 | J24: =IF(DataEntry_SmartICT!D26<>"",DataEntry_SmartICT!D26,0)+IF(DataEntry_SmartICT!E26<>"",DataEntry_SmartICT!E26,0)+IF(DataEntry_SmartICT!F26<>"",6-DataEntry_SmartICT!F26,0)+IF(DataEntry_SmartICT!G26<>"",6-DataEntry_SmartICT!G26,0)+IF(DataEntry_SmartICT!H26<>"",DataEntry_SmartICT!H26,0)+IF(DataEntry_SmartICT!I26<>"",DataEntry_SmartICT!I26,0)+IF(DataEntry_SmartICT!J26<>"",6-DataEntry_SmartICT!J26,0)+IF(DataEntry_SmartICT!K26<>"",DataEntry_SmartICT!K26,0)+IF(DataEntry_SmartICT!L26<>"",6-DataEntry_SmartICT!L26,0)+IF(DataEntry_SmartICT!M26<>"",DataEntry_SmartICT!M26,0)+IF(DataEntry_SmartICT!N26<>"",6-DataEntry_SmartICT!N26,0)+IF(DataEntry_SmartICT!O26<>"",6-DataEntry_SmartICT!O26,0)+IF(DataEntry_SmartICT!P26<>"",6-DataEntry_SmartICT!P26,0)+IF(DataEntry_SmartICT!Q26<>"",6-DataEntry_SmartICT!Q26,0)+IF(DataEntry_SmartICT!R26<>"",6-DataEntry_SmartICT!R26,0)+IF(DataEntry_SmartICT!S26<>"",6-DataEntry_SmartICT!S26,0)+IF(DataEntry_SmartICT!T26<>"",6-DataEntry_SmartICT!T26,0)+IF(DataEntry_SmartICT!U26<>"",6-DataEntry_SmartICT!U26,0)+IF(DataEntry_SmartICT!V26<>"",DataEntry_SmartICT!V26,0)+IF(DataEntry_SmartICT!W26<>"",DataEntry_SmartICT!W26,0)+IF(DataEntry_SmartICT!X26<>"",DataEntry_SmartICT!X26,0)+IF(DataEntry_SmartICT!Y26<>"",6-DataEntry_SmartICT!Y26,0)+IF(DataEntry_SmartICT!Z26<>"",6-DataEntry_SmartICT!Z26,0)+IF(DataEntry_SmartICT!AA26<>"",DataEntry_SmartICT!AA26,0)+IF(DataEntry_SmartICT!AB26<>"",DataEntry_SmartICT!AB26,0)+IF(DataEntry_SmartICT!AC26<>"",6-DataEntry_SmartICT!AC26,0)+IF(DataEntry_SmartICT!AD26<>"",DataEntry_SmartICT!AD26,0) -> 0 | K24: =IF(H24<>"",IFERROR(H24+J24,H24),"") -> 0 | L24: =IF(H24="","",IF(H24/35<=Configurazione!C21,"Trascurabile",IF(H24/35<=Configurazione!C22,"Moderato","Rilevante"))) -> Trascurabile | M24: =IF(J24=0,"N/A",IF(J24/27<=Configurazione!C26,"Trascurabile",IF(J24/27<=Configurazione!C27,"Moderato","Rilevante"))) -> N/A
A25: =DataEntry_Standard!A27 -> COMP-023 | B25: =DataEntry_Standard!C27 -> 0 | C25: =IF(DataEntry_Standard!D27<>"",DataEntry_Standard!D27,0)+IF(DataEntry_Standard!E27<>"",6-DataEntry_Standard!E27,0)+IF(DataEntry_Standard!F27<>"",6-DataEntry_Standard!F27,0)+IF(DataEntry_Standard!G27<>"",DataEntry_Standard!G27,0)+IF(DataEntry_Standard!H27<>"",6-DataEntry_Standard!H27,0)+IF(DataEntry_Standard!I27<>"",DataEntry_Standard!I27,0)+IF(DataEntry_Standard!J27<>"",DataEntry_Standard!J27,0)+IF(DataEntry_Standard!K27<>"",DataEntry_Standard!K27,0)+IF(DataEntry_Standard!L27<>"",DataEntry_Standard!L27,0)+IF(DataEntry_Standard!M27<>"",DataEntry_Standard!M27,0) -> 0 | D25: =IF(DataEntry_Standard!N27<>"",DataEntry_Standard!N27,0)+IF(DataEntry_Standard!O27<>"",DataEntry_Standard!O27,0)+IF(DataEntry_Standard!P27<>"",DataEntry_Standard!P27,0)+IF(DataEntry_Standard!Q27<>"",6-DataEntry_Standard!Q27,0)+IF(DataEntry_Standard!R27<>"",6-DataEntry_Standard!R27,0)+IF(DataEntry_Standard!S27<>"",6-DataEntry_Standard!S27,0)+IF(DataEntry_Standard!T27<>"",DataEntry_Standard!T27,0)+IF(DataEntry_Standard!U27<>"",DataEntry_Standard!U27,0)+IF(DataEntry_Standard!V27<>"",DataEntry_Standard!V27,0) -> 0 | E25: =IF(DataEntry_Standard!W27<>"",DataEntry_Standard!W27,0)+IF(DataEntry_Standard!X27<>"",6-DataEntry_Standard!X27,0)+IF(DataEntry_Standard!Y27<>"",6-DataEntry_Standard!Y27,0)+IF(DataEntry_Standard!Z27<>"",DataEntry_Standard!Z27,0)+IF(DataEntry_Standard!AA27<>"",6-DataEntry_Standard!AA27,0)+IF(DataEntry_Standard!AB27<>"",DataEntry_Standard!AB27,0)+IF(DataEntry_Standard!AC27<>"",DataEntry_Standard!AC27,0)+IF(DataEntry_Standard!AD27<>"",DataEntry_Standard!AD27,0) -> 0 | F25: =IF(DataEntry_Standard!AE27<>"",DataEntry_Standard!AE27,0)+IF(DataEntry_Standard!AF27<>"",DataEntry_Standard!AF27,0)+IF(DataEntry_Standard!AG27<>"",6-DataEntry_Standard!AG27,0)+IF(DataEntry_Standard!AH27<>"",DataEntry_Standard!AH27,0)+IF(DataEntry_Standard!AI27<>"",6-DataEntry_Standard!AI27,0) -> 0 | G25: =IF(DataEntry_Standard!AJ27<>"",DataEntry_Standard!AJ27,0)+IF(DataEntry_Standard!AK27<>"",6-DataEntry_Standard!AK27,0)+IF(DataEntry_Standard!AL27<>"",DataEntry_Standard!AL27,0) -> 0 | H25: =IF(A25<>"",C25+D25+E25+F25+G25,"") -> 0 | I25: =IF(DataEntry_Standard!D27>=4,1,0)+IF(DataEntry_Standard!G27>=4,1,0)+IF(DataEntry_Standard!I27>=4,1,0)+IF(DataEntry_Standard!J27>=4,1,0)+IF(DataEntry_Standard!K27>=4,1,0)+IF(DataEntry_Standard!L27>=4,1,0)+IF(DataEntry_Standard!M27>=4,1,0)+IF(DataEntry_Standard!N27>=4,1,0)+IF(DataEntry_Standard!O27>=4,1,0)+IF(DataEntry_Standard!P27>=4,1,0)+IF(DataEntry_Standard!T27>=4,1,0)+IF(DataEntry_Standard!U27>=4,1,0)+IF(DataEntry_Standard!V27>=4,1,0)+IF(DataEntry_Standard!W27>=4,1,0)+IF(DataEntry_Standard!Z27>=4,1,0)+IF(DataEntry_Standard!AB27>=4,1,0)+IF(DataEntry_Standard!AC27>=4,1,0)+IF(DataEntry_Standard!AD27>=4,1,0)+IF(DataEntry_Standard!AE27>=4,1,0)+IF(DataEntry_Standard!AF27>=4,1,0)+IF(DataEntry_Standard!AH27>=4,1,0)+IF(DataEntry_Standard!AJ27>=4,1,0)+IF(DataEntry_Standard!AL27>=4,1,0)+IF(DataEntry_Standard!AI27<=2,1,0)+IF(DataEntry_Standard!E27<=2,1,0)+IF(DataEntry_Standard!F27<=2,1,0)+IF(DataEntry_Standard!AK27<=2,1,0)+IF(DataEntry_Standard!H27<=2,1,0)+IF(DataEntry_Standard!Q27<=2,1,0)+IF(DataEntry_Standard!R27<=2,1,0)+IF(DataEntry_Standard!S27<=2,1,0)+IF(DataEntry_Standard!X27<=2,1,0)+IF(DataEntry_Standard!Y27<=2,1,0)+IF(DataEntry_Standard!AA27<=2,1,0)+IF(DataEntry_Standard!AG27<=2,1,0) -> 12 | J25: =IF(DataEntry_SmartICT!D27<>"",DataEntry_SmartICT!D27,0)+IF(DataEntry_SmartICT!E27<>"",DataEntry_SmartICT!E27,0)+IF(DataEntry_SmartICT!F27<>"",6-DataEntry_SmartICT!F27,0)+IF(DataEntry_SmartICT!G27<>"",6-DataEntry_SmartICT!G27,0)+IF(DataEntry_SmartICT!H27<>"",DataEntry_SmartICT!H27,0)+IF(DataEntry_SmartICT!I27<>"",DataEntry_SmartICT!I27,0)+IF(DataEntry_SmartICT!J27<>"",6-DataEntry_SmartICT!J27,0)+IF(DataEntry_SmartICT!K27<>"",DataEntry_SmartICT!K27,0)+IF(DataEntry_SmartICT!L27<>"",6-DataEntry_SmartICT!L27,0)+IF(DataEntry_SmartICT!M27<>"",DataEntry_SmartICT!M27,0)+IF(DataEntry_SmartICT!N27<>"",6-DataEntry_SmartICT!N27,0)+IF(DataEntry_SmartICT!O27<>"",6-DataEntry_SmartICT!O27,0)+IF(DataEntry_SmartICT!P27<>"",6-DataEntry_SmartICT!P27,0)+IF(DataEntry_SmartICT!Q27<>"",6-DataEntry_SmartICT!Q27,0)+IF(DataEntry_SmartICT!R27<>"",6-DataEntry_SmartICT!R27,0)+IF(DataEntry_SmartICT!S27<>"",6-DataEntry_SmartICT!S27,0)+IF(DataEntry_SmartICT!T27<>"",6-DataEntry_SmartICT!T27,0)+IF(DataEntry_SmartICT!U27<>"",6-DataEntry_SmartICT!U27,0)+IF(DataEntry_SmartICT!V27<>"",DataEntry_SmartICT!V27,0)+IF(DataEntry_SmartICT!W27<>"",DataEntry_SmartICT!W27,0)+IF(DataEntry_SmartICT!X27<>"",DataEntry_SmartICT!X27,0)+IF(DataEntry_SmartICT!Y27<>"",6-DataEntry_SmartICT!Y27,0)+IF(DataEntry_SmartICT!Z27<>"",6-DataEntry_SmartICT!Z27,0)+IF(DataEntry_SmartICT!AA27<>"",DataEntry_SmartICT!AA27,0)+IF(DataEntry_SmartICT!AB27<>"",DataEntry_SmartICT!AB27,0)+IF(DataEntry_SmartICT!AC27<>"",6-DataEntry_SmartICT!AC27,0)+IF(DataEntry_SmartICT!AD27<>"",DataEntry_SmartICT!AD27,0) -> 0 | K25: =IF(H25<>"",IFERROR(H25+J25,H25),"") -> 0 | L25: =IF(H25="","",IF(H25/35<=Configurazione!C21,"Trascurabile",IF(H25/35<=Configurazione!C22,"Moderato","Rilevante"))) -> Trascurabile | M25: =IF(J25=0,"N/A",IF(J25/27<=Configurazione!C26,"Trascurabile",IF(J25/27<=Configurazione!C27,"Moderato","Rilevante"))) -> N/A
A26: =DataEntry_Standard!A28 -> COMP-024 | B26: =DataEntry_Standard!C28 -> 0 | C26: =IF(DataEntry_Standard!D28<>"",DataEntry_Standard!D28,0)+IF(DataEntry_Standard!E28<>"",6-DataEntry_Standard!E28,0)+IF(DataEntry_Standard!F28<>"",6-DataEntry_Standard!F28,0)+IF(DataEntry_Standard!G28<>"",DataEntry_Standard!G28,0)+IF(DataEntry_Standard!H28<>"",6-DataEntry_Standard!H28,0)+IF(DataEntry_Standard!I28<>"",DataEntry_Standard!I28,0)+IF(DataEntry_Standard!J28<>"",DataEntry_Standard!J28,0)+IF(DataEntry_Standard!K28<>"",DataEntry_Standard!K28,0)+IF(DataEntry_Standard!L28<>"",DataEntry_Standard!L28,0)+IF(DataEntry_Standard!M28<>"",DataEntry_Standard!M28,0) -> 0 | D26: =IF(DataEntry_Standard!N28<>"",DataEntry_Standard!N28,0)+IF(DataEntry_Standard!O28<>"",DataEntry_Standard!O28,0)+IF(DataEntry_Standard!P28<>"",DataEntry_Standard!P28,0)+IF(DataEntry_Standard!Q28<>"",6-DataEntry_Standard!Q28,0)+IF(DataEntry_Standard!R28<>"",6-DataEntry_Standard!R28,0)+IF(DataEntry_Standard!S28<>"",6-DataEntry_Standard!S28,0)+IF(DataEntry_Standard!T28<>"",DataEntry_Standard!T28,0)+IF(DataEntry_Standard!U28<>"",DataEntry_Standard!U28,0)+IF(DataEntry_Standard!V28<>"",DataEntry_Standard!V28,0) -> 0 | E26: =IF(DataEntry_Standard!W28<>"",DataEntry_Standard!W28,0)+IF(DataEntry_Standard!X28<>"",6-DataEntry_Standard!X28,0)+IF(DataEntry_Standard!Y28<>"",6-DataEntry_Standard!Y28,0)+IF(DataEntry_Standard!Z28<>"",DataEntry_Standard!Z28,0)+IF(DataEntry_Standard!AA28<>"",6-DataEntry_Standard!AA28,0)+IF(DataEntry_Standard!AB28<>"",DataEntry_Standard!AB28,0)+IF(DataEntry_Standard!AC28<>"",DataEntry_Standard!AC28,0)+IF(DataEntry_Standard!AD28<>"",DataEntry_Standard!AD28,0) -> 0 | F26: =IF(DataEntry_Standard!AE28<>"",DataEntry_Standard!AE28,0)+IF(DataEntry_Standard!AF28<>"",DataEntry_Standard!AF28,0)+IF(DataEntry_Standard!AG28<>"",6-DataEntry_Standard!AG28,0)+IF(DataEntry_Standard!AH28<>"",DataEntry_Standard!AH28,0)+IF(DataEntry_Standard!AI28<>"",6-DataEntry_Standard!AI28,0) -> 0 | G26: =IF(DataEntry_Standard!AJ28<>"",DataEntry_Standard!AJ28,0)+IF(DataEntry_Standard!AK28<>"",6-DataEntry_Standard!AK28,0)+IF(DataEntry_Standard!AL28<>"",DataEntry_Standard!AL28,0) -> 0 | H26: =IF(A26<>"",C26+D26+E26+F26+G26,"") -> 0 | I26: =IF(DataEntry_Standard!D28>=4,1,0)+IF(DataEntry_Standard!G28>=4,1,0)+IF(DataEntry_Standard!I28>=4,1,0)+IF(DataEntry_Standard!J28>=4,1,0)+IF(DataEntry_Standard!K28>=4,1,0)+IF(DataEntry_Standard!L28>=4,1,0)+IF(DataEntry_Standard!M28>=4,1,0)+IF(DataEntry_Standard!N28>=4,1,0)+IF(DataEntry_Standard!O28>=4,1,0)+IF(DataEntry_Standard!P28>=4,1,0)+IF(DataEntry_Standard!T28>=4,1,0)+IF(DataEntry_Standard!U28>=4,1,0)+IF(DataEntry_Standard!V28>=4,1,0)+IF(DataEntry_Standard!W28>=4,1,0)+IF(DataEntry_Standard!Z28>=4,1,0)+IF(DataEntry_Standard!AB28>=4,1,0)+IF(DataEntry_Standard!AC28>=4,1,0)+IF(DataEntry_Standard!AD28>=4,1,0)+IF(DataEntry_Standard!AE28>=4,1,0)+IF(DataEntry_Standard!AF28>=4,1,0)+IF(DataEntry_Standard!AH28>=4,1,0)+IF(DataEntry_Standard!AJ28>=4,1,0)+IF(DataEntry_Standard!AL28>=4,1,0)+IF(DataEntry_Standard!AI28<=2,1,0)+IF(DataEntry_Standard!E28<=2,1,0)+IF(DataEntry_Standard!F28<=2,1,0)+IF(DataEntry_Standard!AK28<=2,1,0)+IF(DataEntry_Standard!H28<=2,1,0)+IF(DataEntry_Standard!Q28<=2,1,0)+IF(DataEntry_Standard!R28<=2,1,0)+IF(DataEntry_Standard!S28<=2,1,0)+IF(DataEntry_Standard!X28<=2,1,0)+IF(DataEntry_Standard!Y28<=2,1,0)+IF(DataEntry_Standard!AA28<=2,1,0)+IF(DataEntry_Standard!AG28<=2,1,0) -> 12 | J26: =IF(DataEntry_SmartICT!D28<>"",DataEntry_SmartICT!D28,0)+IF(DataEntry_SmartICT!E28<>"",DataEntry_SmartICT!E28,0)+IF(DataEntry_SmartICT!F28<>"",6-DataEntry_SmartICT!F28,0)+IF(DataEntry_SmartICT!G28<>"",6-DataEntry_SmartICT!G28,0)+IF(DataEntry_SmartICT!H28<>"",DataEntry_SmartICT!H28,0)+IF(DataEntry_SmartICT!I28<>"",DataEntry_SmartICT!I28,0)+IF(DataEntry_SmartICT!J28<>"",6-DataEntry_SmartICT!J28,0)+IF(DataEntry_SmartICT!K28<>"",DataEntry_SmartICT!K28,0)+IF(DataEntry_SmartICT!L28<>"",6-DataEntry_SmartICT!L28,0)+IF(DataEntry_SmartICT!M28<>"",DataEntry_SmartICT!M28,0)+IF(DataEntry_SmartICT!N28<>"",6-DataEntry_SmartICT!N28,0)+IF(DataEntry_SmartICT!O28<>"",6-DataEntry_SmartICT!O28,0)+IF(DataEntry_SmartICT!P28<>"",6-DataEntry_SmartICT!P28,0)+IF(DataEntry_SmartICT!Q28<>"",6-DataEntry_SmartICT!Q28,0)+IF(DataEntry_SmartICT!R28<>"",6-DataEntry_SmartICT!R28,0)+IF(DataEntry_SmartICT!S28<>"",6-DataEntry_SmartICT!S28,0)+IF(DataEntry_SmartICT!T28<>"",6-DataEntry_SmartICT!T28,0)+IF(DataEntry_SmartICT!U28<>"",6-DataEntry_SmartICT!U28,0)+IF(DataEntry_SmartICT!V28<>"",DataEntry_SmartICT!V28,0)+IF(DataEntry_SmartICT!W28<>"",DataEntry_SmartICT!W28,0)+IF(DataEntry_SmartICT!X28<>"",DataEntry_SmartICT!X28,0)+IF(DataEntry_SmartICT!Y28<>"",6-DataEntry_SmartICT!Y28,0)+IF(DataEntry_SmartICT!Z28<>"",6-DataEntry_SmartICT!Z28,0)+IF(DataEntry_SmartICT!AA28<>"",DataEntry_SmartICT!AA28,0)+IF(DataEntry_SmartICT!AB28<>"",DataEntry_SmartICT!AB28,0)+IF(DataEntry_SmartICT!AC28<>"",6-DataEntry_SmartICT!AC28,0)+IF(DataEntry_SmartICT!AD28<>"",DataEntry_SmartICT!AD28,0) -> 0 | K26: =IF(H26<>"",IFERROR(H26+J26,H26),"") -> 0 | L26: =IF(H26="","",IF(H26/35<=Configurazione!C21,"Trascurabile",IF(H26/35<=Configurazione!C22,"Moderato","Rilevante"))) -> Trascurabile | M26: =IF(J26=0,"N/A",IF(J26/27<=Configurazione!C26,"Trascurabile",IF(J26/27<=Configurazione!C27,"Moderato","Rilevante"))) -> N/A
A27: =DataEntry_Standard!A29 -> COMP-025 | B27: =DataEntry_Standard!C29 -> 0 | C27: =IF(DataEntry_Standard!D29<>"",DataEntry_Standard!D29,0)+IF(DataEntry_Standard!E29<>"",6-DataEntry_Standard!E29,0)+IF(DataEntry_Standard!F29<>"",6-DataEntry_Standard!F29,0)+IF(DataEntry_Standard!G29<>"",DataEntry_Standard!G29,0)+IF(DataEntry_Standard!H29<>"",6-DataEntry_Standard!H29,0)+IF(DataEntry_Standard!I29<>"",DataEntry_Standard!I29,0)+IF(DataEntry_Standard!J29<>"",DataEntry_Standard!J29,0)+IF(DataEntry_Standard!K29<>"",DataEntry_Standard!K29,0)+IF(DataEntry_Standard!L29<>"",DataEntry_Standard!L29,0)+IF(DataEntry_Standard!M29<>"",DataEntry_Standard!M29,0) -> 0 | D27: =IF(DataEntry_Standard!N29<>"",DataEntry_Standard!N29,0)+IF(DataEntry_Standard!O29<>"",DataEntry_Standard!O29,0)+IF(DataEntry_Standard!P29<>"",DataEntry_Standard!P29,0)+IF(DataEntry_Standard!Q29<>"",6-DataEntry_Standard!Q29,0)+IF(DataEntry_Standard!R29<>"",6-DataEntry_Standard!R29,0)+IF(DataEntry_Standard!S29<>"",6-DataEntry_Standard!S29,0)+IF(DataEntry_Standard!T29<>"",DataEntry_Standard!T29,0)+IF(DataEntry_Standard!U29<>"",DataEntry_Standard!U29,0)+IF(DataEntry_Standard!V29<>"",DataEntry_Standard!V29,0) -> 0 | E27: =IF(DataEntry_Standard!W29<>"",DataEntry_Standard!W29,0)+IF(DataEntry_Standard!X29<>"",6-DataEntry_Standard!X29,0)+IF(DataEntry_Standard!Y29<>"",6-DataEntry_Standard!Y29,0)+IF(DataEntry_Standard!Z29<>"",DataEntry_Standard!Z29,0)+IF(DataEntry_Standard!AA29<>"",6-DataEntry_Standard!AA29,0)+IF(DataEntry_Standard!AB29<>"",DataEntry_Standard!AB29,0)+IF(DataEntry_Standard!AC29<>"",DataEntry_Standard!AC29,0)+IF(DataEntry_Standard!AD29<>"",DataEntry_Standard!AD29,0) -> 0 | F27: =IF(DataEntry_Standard!AE29<>"",DataEntry_Standard!AE29,0)+IF(DataEntry_Standard!AF29<>"",DataEntry_Standard!AF29,0)+IF(DataEntry_Standard!AG29<>"",6-DataEntry_Standard!AG29,0)+IF(DataEntry_Standard!AH29<>"",DataEntry_Standard!AH29,0)+IF(DataEntry_Standard!AI29<>"",6-DataEntry_Standard!AI29,0) -> 0 | G27: =IF(DataEntry_Standard!AJ29<>"",DataEntry_Standard!AJ29,0)+IF(DataEntry_Standard!AK29<>"",6-DataEntry_Standard!AK29,0)+IF(DataEntry_Standard!AL29<>"",DataEntry_Standard!AL29,0) -> 0 | H27: =IF(A27<>"",C27+D27+E27+F27+G27,"") -> 0 | I27: =IF(DataEntry_Standard!D29>=4,1,0)+IF(DataEntry_Standard!G29>=4,1,0)+IF(DataEntry_Standard!I29>=4,1,0)+IF(DataEntry_Standard!J29>=4,1,0)+IF(DataEntry_Standard!K29>=4,1,0)+IF(DataEntry_Standard!L29>=4,1,0)+IF(DataEntry_Standard!M29>=4,1,0)+IF(DataEntry_Standard!N29>=4,1,0)+IF(DataEntry_Standard!O29>=4,1,0)+IF(DataEntry_Standard!P29>=4,1,0)+IF(DataEntry_Standard!T29>=4,1,0)+IF(DataEntry_Standard!U29>=4,1,0)+IF(DataEntry_Standard!V29>=4,1,0)+IF(DataEntry_Standard!W29>=4,1,0)+IF(DataEntry_Standard!Z29>=4,1,0)+IF(DataEntry_Standard!AB29>=4,1,0)+IF(DataEntry_Standard!AC29>=4,1,0)+IF(DataEntry_Standard!AD29>=4,1,0)+IF(DataEntry_Standard!AE29>=4,1,0)+IF(DataEntry_Standard!AF29>=4,1,0)+IF(DataEntry_Standard!AH29>=4,1,0)+IF(DataEntry_Standard!AJ29>=4,1,0)+IF(DataEntry_Standard!AL29>=4,1,0)+IF(DataEntry_Standard!AI29<=2,1,0)+IF(DataEntry_Standard!E29<=2,1,0)+IF(DataEntry_Standard!F29<=2,1,0)+IF(DataEntry_Standard!AK29<=2,1,0)+IF(DataEntry_Standard!H29<=2,1,0)+IF(DataEntry_Standard!Q29<=2,1,0)+IF(DataEntry_Standard!R29<=2,1,0)+IF(DataEntry_Standard!S29<=2,1,0)+IF(DataEntry_Standard!X29<=2,1,0)+IF(DataEntry_Standard!Y29<=2,1,0)+IF(DataEntry_Standard!AA29<=2,1,0)+IF(DataEntry_Standard!AG29<=2,1,0) -> 12 | J27: =IF(DataEntry_SmartICT!D29<>"",DataEntry_SmartICT!D29,0)+IF(DataEntry_SmartICT!E29<>"",DataEntry_SmartICT!E29,0)+IF(DataEntry_SmartICT!F29<>"",6-DataEntry_SmartICT!F29,0)+IF(DataEntry_SmartICT!G29<>"",6-DataEntry_SmartICT!G29,0)+IF(DataEntry_SmartICT!H29<>"",DataEntry_SmartICT!H29,0)+IF(DataEntry_SmartICT!I29<>"",DataEntry_SmartICT!I29,0)+IF(DataEntry_SmartICT!J29<>"",6-DataEntry_SmartICT!J29,0)+IF(DataEntry_SmartICT!K29<>"",DataEntry_SmartICT!K29,0)+IF(DataEntry_SmartICT!L29<>"",6-DataEntry_SmartICT!L29,0)+IF(DataEntry_SmartICT!M29<>"",DataEntry_SmartICT!M29,0)+IF(DataEntry_SmartICT!N29<>"",6-DataEntry_SmartICT!N29,0)+IF(DataEntry_SmartICT!O29<>"",6-DataEntry_SmartICT!O29,0)+IF(DataEntry_SmartICT!P29<>"",6-DataEntry_SmartICT!P29,0)+IF(DataEntry_SmartICT!Q29<>"",6-DataEntry_SmartICT!Q29,0)+IF(DataEntry_SmartICT!R29<>"",6-DataEntry_SmartICT!R29,0)+IF(DataEntry_SmartICT!S29<>"",6-DataEntry_SmartICT!S29,0)+IF(DataEntry_SmartICT!T29<>"",6-DataEntry_SmartICT!T29,0)+IF(DataEntry_SmartICT!U29<>"",6-DataEntry_SmartICT!U29,0)+IF(DataEntry_SmartICT!V29<>"",DataEntry_SmartICT!V29,0)+IF(DataEntry_SmartICT!W29<>"",DataEntry_SmartICT!W29,0)+IF(DataEntry_SmartICT!X29<>"",DataEntry_SmartICT!X29,0)+IF(DataEntry_SmartICT!Y29<>"",6-DataEntry_SmartICT!Y29,0)+IF(DataEntry_SmartICT!Z29<>"",6-DataEntry_SmartICT!Z29,0)+IF(DataEntry_SmartICT!AA29<>"",DataEntry_SmartICT!AA29,0)+IF(DataEntry_SmartICT!AB29<>"",DataEntry_SmartICT!AB29,0)+IF(DataEntry_SmartICT!AC29<>"",6-DataEntry_SmartICT!AC29,0)+IF(DataEntry_SmartICT!AD29<>"",DataEntry_SmartICT!AD29,0) -> 0 | K27: =IF(H27<>"",IFERROR(H27+J27,H27),"") -> 0 | L27: =IF(H27="","",IF(H27/35<=Configurazione!C21,"Trascurabile",IF(H27/35<=Configurazione!C22,"Moderato","Rilevante"))) -> Trascurabile | M27: =IF(J27=0,"N/A",IF(J27/27<=Configurazione!C26,"Trascurabile",IF(J27/27<=Configurazione!C27,"Moderato","Rilevante"))) -> N/A
A28: =DataEntry_Standard!A30 -> COMP-026 | B28: =DataEntry_Standard!C30 -> 0 | C28: =IF(DataEntry_Standard!D30<>"",DataEntry_Standard!D30,0)+IF(DataEntry_Standard!E30<>"",6-DataEntry_Standard!E30,0)+IF(DataEntry_Standard!F30<>"",6-DataEntry_Standard!F30,0)+IF(DataEntry_Standard!G30<>"",DataEntry_Standard!G30,0)+IF(DataEntry_Standard!H30<>"",6-DataEntry_Standard!H30,0)+IF(DataEntry_Standard!I30<>"",DataEntry_Standard!I30,0)+IF(DataEntry_Standard!J30<>"",DataEntry_Standard!J30,0)+IF(DataEntry_Standard!K30<>"",DataEntry_Standard!K30,0)+IF(DataEntry_Standard!L30<>"",DataEntry_Standard!L30,0)+IF(DataEntry_Standard!M30<>"",DataEntry_Standard!M30,0) -> 0 | D28: =IF(DataEntry_Standard!N30<>"",DataEntry_Standard!N30,0)+IF(DataEntry_Standard!O30<>"",DataEntry_Standard!O30,0)+IF(DataEntry_Standard!P30<>"",DataEntry_Standard!P30,0)+IF(DataEntry_Standard!Q30<>"",6-DataEntry_Standard!Q30,0)+IF(DataEntry_Standard!R30<>"",6-DataEntry_Standard!R30,0)+IF(DataEntry_Standard!S30<>"",6-DataEntry_Standard!S30,0)+IF(DataEntry_Standard!T30<>"",DataEntry_Standard!T30,0)+IF(DataEntry_Standard!U30<>"",DataEntry_Standard!U30,0)+IF(DataEntry_Standard!V30<>"",DataEntry_Standard!V30,0) -> 0 | E28: =IF(DataEntry_Standard!W30<>"",DataEntry_Standard!W30,0)+IF(DataEntry_Standard!X30<>"",6-DataEntry_Standard!X30,0)+IF(DataEntry_Standard!Y30<>"",6-DataEntry_Standard!Y30,0)+IF(DataEntry_Standard!Z30<>"",DataEntry_Standard!Z30,0)+IF(DataEntry_Standard!AA30<>"",6-DataEntry_Standard!AA30,0)+IF(DataEntry_Standard!AB30<>"",DataEntry_Standard!AB30,0)+IF(DataEntry_Standard!AC30<>"",DataEntry_Standard!AC30,0)+IF(DataEntry_Standard!AD30<>"",DataEntry_Standard!AD30,0) -> 0 | F28: =IF(DataEntry_Standard!AE30<>"",DataEntry_Standard!AE30,0)+IF(DataEntry_Standard!AF30<>"",DataEntry_Standard!AF30,0)+IF(DataEntry_Standard!AG30<>"",6-DataEntry_Standard!AG30,0)+IF(DataEntry_Standard!AH30<>"",DataEntry_Standard!AH30,0)+IF(DataEntry_Standard!AI30<>"",6-DataEntry_Standard!AI30,0) -> 0 | G28: =IF(DataEntry_Standard!AJ30<>"",DataEntry_Standard!AJ30,0)+IF(DataEntry_Standard!AK30<>"",6-DataEntry_Standard!AK30,0)+IF(DataEntry_Standard!AL30<>"",DataEntry_Standard!AL30,0) -> 0 | H28: =IF(A28<>"",C28+D28+E28+F28+G28,"") -> 0 | I28: =IF(DataEntry_Standard!D30>=4,1,0)+IF(DataEntry_Standard!G30>=4,1,0)+IF(DataEntry_Standard!I30>=4,1,0)+IF(DataEntry_Standard!J30>=4,1,0)+IF(DataEntry_Standard!K30>=4,1,0)+IF(DataEntry_Standard!L30>=4,1,0)+IF(DataEntry_Standard!M30>=4,1,0)+IF(DataEntry_Standard!N30>=4,1,0)+IF(DataEntry_Standard!O30>=4,1,0)+IF(DataEntry_Standard!P30>=4,1,0)+IF(DataEntry_Standard!T30>=4,1,0)+IF(DataEntry_Standard!U30>=4,1,0)+IF(DataEntry_Standard!V30>=4,1,0)+IF(DataEntry_Standard!W30>=4,1,0)+IF(DataEntry_Standard!Z30>=4,1,0)+IF(DataEntry_Standard!AB30>=4,1,0)+IF(DataEntry_Standard!AC30>=4,1,0)+IF(DataEntry_Standard!AD30>=4,1,0)+IF(DataEntry_Standard!AE30>=4,1,0)+IF(DataEntry_Standard!AF30>=4,1,0)+IF(DataEntry_Standard!AH30>=4,1,0)+IF(DataEntry_Standard!AJ30>=4,1,0)+IF(DataEntry_Standard!AL30>=4,1,0)+IF(DataEntry_Standard!AI30<=2,1,0)+IF(DataEntry_Standard!E30<=2,1,0)+IF(DataEntry_Standard!F30<=2,1,0)+IF(DataEntry_Standard!AK30<=2,1,0)+IF(DataEntry_Standard!H30<=2,1,0)+IF(DataEntry_Standard!Q30<=2,1,0)+IF(DataEntry_Standard!R30<=2,1,0)+IF(DataEntry_Standard!S30<=2,1,0)+IF(DataEntry_Standard!X30<=2,1,0)+IF(DataEntry_Standard!Y30<=2,1,0)+IF(DataEntry_Standard!AA30<=2,1,0)+IF(DataEntry_Standard!AG30<=2,1,0) -> 12 | J28: =IF(DataEntry_SmartICT!D30<>"",DataEntry_SmartICT!D30,0)+IF(DataEntry_SmartICT!E30<>"",DataEntry_SmartICT!E30,0)+IF(DataEntry_SmartICT!F30<>"",6-DataEntry_SmartICT!F30,0)+IF(DataEntry_SmartICT!G30<>"",6-DataEntry_SmartICT!G30,0)+IF(DataEntry_SmartICT!H30<>"",DataEntry_SmartICT!H30,0)+IF(DataEntry_SmartICT!I30<>"",DataEntry_SmartICT!I30,0)+IF(DataEntry_SmartICT!J30<>"",6-DataEntry_SmartICT!J30,0)+IF(DataEntry_SmartICT!K30<>"",DataEntry_SmartICT!K30,0)+IF(DataEntry_SmartICT!L30<>"",6-DataEntry_SmartICT!L30,0)+IF(DataEntry_SmartICT!M30<>"",DataEntry_SmartICT!M30,0)+IF(DataEntry_SmartICT!N30<>"",6-DataEntry_SmartICT!N30,0)+IF(DataEntry_SmartICT!O30<>"",6-DataEntry_SmartICT!O30,0)+IF(DataEntry_SmartICT!P30<>"",6-DataEntry_SmartICT!P30,0)+IF(DataEntry_SmartICT!Q30<>"",6-DataEntry_SmartICT!Q30,0)+IF(DataEntry_SmartICT!R30<>"",6-DataEntry_SmartICT!R30,0)+IF(DataEntry_SmartICT!S30<>"",6-DataEntry_SmartICT!S30,0)+IF(DataEntry_SmartICT!T30<>"",6-DataEntry_SmartICT!T30,0)+IF(DataEntry_SmartICT!U30<>"",6-DataEntry_SmartICT!U30,0)+IF(DataEntry_SmartICT!V30<>"",DataEntry_SmartICT!V30,0)+IF(DataEntry_SmartICT!W30<>"",DataEntry_SmartICT!W30,0)+IF(DataEntry_SmartICT!X30<>"",DataEntry_SmartICT!X30,0)+IF(DataEntry_SmartICT!Y30<>"",6-DataEntry_SmartICT!Y30,0)+IF(DataEntry_SmartICT!Z30<>"",6-DataEntry_SmartICT!Z30,0)+IF(DataEntry_SmartICT!AA30<>"",DataEntry_SmartICT!AA30,0)+IF(DataEntry_SmartICT!AB30<>"",DataEntry_SmartICT!AB30,0)+IF(DataEntry_SmartICT!AC30<>"",6-DataEntry_SmartICT!AC30,0)+IF(DataEntry_SmartICT!AD30<>"",DataEntry_SmartICT!AD30,0) -> 0 | K28: =IF(H28<>"",IFERROR(H28+J28,H28),"") -> 0 | L28: =IF(H28="","",IF(H28/35<=Configurazione!C21,"Trascurabile",IF(H28/35<=Configurazione!C22,"Moderato","Rilevante"))) -> Trascurabile | M28: =IF(J28=0,"N/A",IF(J28/27<=Configurazione!C26,"Trascurabile",IF(J28/27<=Configurazione!C27,"Moderato","Rilevante"))) -> N/A
A29: =DataEntry_Standard!A31 -> COMP-027 | B29: =DataEntry_Standard!C31 -> 0 | C29: =IF(DataEntry_Standard!D31<>"",DataEntry_Standard!D31,0)+IF(DataEntry_Standard!E31<>"",6-DataEntry_Standard!E31,0)+IF(DataEntry_Standard!F31<>"",6-DataEntry_Standard!F31,0)+IF(DataEntry_Standard!G31<>"",DataEntry_Standard!G31,0)+IF(DataEntry_Standard!H31<>"",6-DataEntry_Standard!H31,0)+IF(DataEntry_Standard!I31<>"",DataEntry_Standard!I31,0)+IF(DataEntry_Standard!J31<>"",DataEntry_Standard!J31,0)+IF(DataEntry_Standard!K31<>"",DataEntry_Standard!K31,0)+IF(DataEntry_Standard!L31<>"",DataEntry_Standard!L31,0)+IF(DataEntry_Standard!M31<>"",DataEntry_Standard!M31,0) -> 0 | D29: =IF(DataEntry_Standard!N31<>"",DataEntry_Standard!N31,0)+IF(DataEntry_Standard!O31<>"",DataEntry_Standard!O31,0)+IF(DataEntry_Standard!P31<>"",DataEntry_Standard!P31,0)+IF(DataEntry_Standard!Q31<>"",6-DataEntry_Standard!Q31,0)+IF(DataEntry_Standard!R31<>"",6-DataEntry_Standard!R31,0)+IF(DataEntry_Standard!S31<>"",6-DataEntry_Standard!S31,0)+IF(DataEntry_Standard!T31<>"",DataEntry_Standard!T31,0)+IF(DataEntry_Standard!U31<>"",DataEntry_Standard!U31,0)+IF(DataEntry_Standard!V31<>"",DataEntry_Standard!V31,0) -> 0 | E29: =IF(DataEntry_Standard!W31<>"",DataEntry_Standard!W31,0)+IF(DataEntry_Standard!X31<>"",6-DataEntry_Standard!X31,0)+IF(DataEntry_Standard!Y31<>"",6-DataEntry_Standard!Y31,0)+IF(DataEntry_Standard!Z31<>"",DataEntry_Standard!Z31,0)+IF(DataEntry_Standard!AA31<>"",6-DataEntry_Standard!AA31,0)+IF(DataEntry_Standard!AB31<>"",DataEntry_Standard!AB31,0)+IF(DataEntry_Standard!AC31<>"",DataEntry_Standard!AC31,0)+IF(DataEntry_Standard!AD31<>"",DataEntry_Standard!AD31,0) -> 0 | F29: =IF(DataEntry_Standard!AE31<>"",DataEntry_Standard!AE31,0)+IF(DataEntry_Standard!AF31<>"",DataEntry_Standard!AF31,0)+IF(DataEntry_Standard!AG31<>"",6-DataEntry_Standard!AG31,0)+IF(DataEntry_Standard!AH31<>"",DataEntry_Standard!AH31,0)+IF(DataEntry_Standard!AI31<>"",6-DataEntry_Standard!AI31,0) -> 0 | G29: =IF(DataEntry_Standard!AJ31<>"",DataEntry_Standard!AJ31,0)+IF(DataEntry_Standard!AK31<>"",6-DataEntry_Standard!AK31,0)+IF(DataEntry_Standard!AL31<>"",DataEntry_Standard!AL31,0) -> 0 | H29: =IF(A29<>"",C29+D29+E29+F29+G29,"") -> 0 | I29: =IF(DataEntry_Standard!D31>=4,1,0)+IF(DataEntry_Standard!G31>=4,1,0)+IF(DataEntry_Standard!I31>=4,1,0)+IF(DataEntry_Standard!J31>=4,1,0)+IF(DataEntry_Standard!K31>=4,1,0)+IF(DataEntry_Standard!L31>=4,1,0)+IF(DataEntry_Standard!M31>=4,1,0)+IF(DataEntry_Standard!N31>=4,1,0)+IF(DataEntry_Standard!O31>=4,1,0)+IF(DataEntry_Standard!P31>=4,1,0)+IF(DataEntry_Standard!T31>=4,1,0)+IF(DataEntry_Standard!U31>=4,1,0)+IF(DataEntry_Standard!V31>=4,1,0)+IF(DataEntry_Standard!W31>=4,1,0)+IF(DataEntry_Standard!Z31>=4,1,0)+IF(DataEntry_Standard!AB31>=4,1,0)+IF(DataEntry_Standard!AC31>=4,1,0)+IF(DataEntry_Standard!AD31>=4,1,0)+IF(DataEntry_Standard!AE31>=4,1,0)+IF(DataEntry_Standard!AF31>=4,1,0)+IF(DataEntry_Standard!AH31>=4,1,0)+IF(DataEntry_Standard!AJ31>=4,1,0)+IF(DataEntry_Standard!AL31>=4,1,0)+IF(DataEntry_Standard!AI31<=2,1,0)+IF(DataEntry_Standard!E31<=2,1,0)+IF(DataEntry_Standard!F31<=2,1,0)+IF(DataEntry_Standard!AK31<=2,1,0)+IF(DataEntry_Standard!H31<=2,1,0)+IF(DataEntry_Standard!Q31<=2,1,0)+IF(DataEntry_Standard!R31<=2,1,0)+IF(DataEntry_Standard!S31<=2,1,0)+IF(DataEntry_Standard!X31<=2,1,0)+IF(DataEntry_Standard!Y31<=2,1,0)+IF(DataEntry_Standard!AA31<=2,1,0)+IF(DataEntry_Standard!AG31<=2,1,0) -> 12 | J29: =IF(DataEntry_SmartICT!D31<>"",DataEntry_SmartICT!D31,0)+IF(DataEntry_SmartICT!E31<>"",DataEntry_SmartICT!E31,0)+IF(DataEntry_SmartICT!F31<>"",6-DataEntry_SmartICT!F31,0)+IF(DataEntry_SmartICT!G31<>"",6-DataEntry_SmartICT!G31,0)+IF(DataEntry_SmartICT!H31<>"",DataEntry_SmartICT!H31,0)+IF(DataEntry_SmartICT!I31<>"",DataEntry_SmartICT!I31,0)+IF(DataEntry_SmartICT!J31<>"",6-DataEntry_SmartICT!J31,0)+IF(DataEntry_SmartICT!K31<>"",DataEntry_SmartICT!K31,0)+IF(DataEntry_SmartICT!L31<>"",6-DataEntry_SmartICT!L31,0)+IF(DataEntry_SmartICT!M31<>"",DataEntry_SmartICT!M31,0)+IF(DataEntry_SmartICT!N31<>"",6-DataEntry_SmartICT!N31,0)+IF(DataEntry_SmartICT!O31<>"",6-DataEntry_SmartICT!O31,0)+IF(DataEntry_SmartICT!P31<>"",6-DataEntry_SmartICT!P31,0)+IF(DataEntry_SmartICT!Q31<>"",6-DataEntry_SmartICT!Q31,0)+IF(DataEntry_SmartICT!R31<>"",6-DataEntry_SmartICT!R31,0)+IF(DataEntry_SmartICT!S31<>"",6-DataEntry_SmartICT!S31,0)+IF(DataEntry_SmartICT!T31<>"",6-DataEntry_SmartICT!T31,0)+IF(DataEntry_SmartICT!U31<>"",6-DataEntry_SmartICT!U31,0)+IF(DataEntry_SmartICT!V31<>"",DataEntry_SmartICT!V31,0)+IF(DataEntry_SmartICT!W31<>"",DataEntry_SmartICT!W31,0)+IF(DataEntry_SmartICT!X31<>"",DataEntry_SmartICT!X31,0)+IF(DataEntry_SmartICT!Y31<>"",6-DataEntry_SmartICT!Y31,0)+IF(DataEntry_SmartICT!Z31<>"",6-DataEntry_SmartICT!Z31,0)+IF(DataEntry_SmartICT!AA31<>"",DataEntry_SmartICT!AA31,0)+IF(DataEntry_SmartICT!AB31<>"",DataEntry_SmartICT!AB31,0)+IF(DataEntry_SmartICT!AC31<>"",6-DataEntry_SmartICT!AC31,0)+IF(DataEntry_SmartICT!AD31<>"",DataEntry_SmartICT!AD31,0) -> 0 | K29: =IF(H29<>"",IFERROR(H29+J29,H29),"") -> 0 | L29: =IF(H29="","",IF(H29/35<=Configurazione!C21,"Trascurabile",IF(H29/35<=Configurazione!C22,"Moderato","Rilevante"))) -> Trascurabile | M29: =IF(J29=0,"N/A",IF(J29/27<=Configurazione!C26,"Trascurabile",IF(J29/27<=Configurazione!C27,"Moderato","Rilevante"))) -> N/A
A30: =DataEntry_Standard!A32 -> COMP-028 | B30: =DataEntry_Standard!C32 -> 0 | C30: =IF(DataEntry_Standard!D32<>"",DataEntry_Standard!D32,0)+IF(DataEntry_Standard!E32<>"",6-DataEntry_Standard!E32,0)+IF(DataEntry_Standard!F32<>"",6-DataEntry_Standard!F32,0)+IF(DataEntry_Standard!G32<>"",DataEntry_Standard!G32,0)+IF(DataEntry_Standard!H32<>"",6-DataEntry_Standard!H32,0)+IF(DataEntry_Standard!I32<>"",DataEntry_Standard!I32,0)+IF(DataEntry_Standard!J32<>"",DataEntry_Standard!J32,0)+IF(DataEntry_Standard!K32<>"",DataEntry_Standard!K32,0)+IF(DataEntry_Standard!L32<>"",DataEntry_Standard!L32,0)+IF(DataEntry_Standard!M32<>"",DataEntry_Standard!M32,0) -> 0 | D30: =IF(DataEntry_Standard!N32<>"",DataEntry_Standard!N32,0)+IF(DataEntry_Standard!O32<>"",DataEntry_Standard!O32,0)+IF(DataEntry_Standard!P32<>"",DataEntry_Standard!P32,0)+IF(DataEntry_Standard!Q32<>"",6-DataEntry_Standard!Q32,0)+IF(DataEntry_Standard!R32<>"",6-DataEntry_Standard!R32,0)+IF(DataEntry_Standard!S32<>"",6-DataEntry_Standard!S32,0)+IF(DataEntry_Standard!T32<>"",DataEntry_Standard!T32,0)+IF(DataEntry_Standard!U32<>"",DataEntry_Standard!U32,0)+IF(DataEntry_Standard!V32<>"",DataEntry_Standard!V32,0) -> 0 | E30: =IF(DataEntry_Standard!W32<>"",DataEntry_Standard!W32,0)+IF(DataEntry_Standard!X32<>"",6-DataEntry_Standard!X32,0)+IF(DataEntry_Standard!Y32<>"",6-DataEntry_Standard!Y32,0)+IF(DataEntry_Standard!Z32<>"",DataEntry_Standard!Z32,0)+IF(DataEntry_Standard!AA32<>"",6-DataEntry_Standard!AA32,0)+IF(DataEntry_Standard!AB32<>"",DataEntry_Standard!AB32,0)+IF(DataEntry_Standard!AC32<>"",DataEntry_Standard!AC32,0)+IF(DataEntry_Standard!AD32<>"",DataEntry_Standard!AD32,0) -> 0 | F30: =IF(DataEntry_Standard!AE32<>"",DataEntry_Standard!AE32,0)+IF(DataEntry_Standard!AF32<>"",DataEntry_Standard!AF32,0)+IF(DataEntry_Standard!AG32<>"",6-DataEntry_Standard!AG32,0)+IF(DataEntry_Standard!AH32<>"",DataEntry_Standard!AH32,0)+IF(DataEntry_Standard!AI32<>"",6-DataEntry_Standard!AI32,0) -> 0 | G30: =IF(DataEntry_Standard!AJ32<>"",DataEntry_Standard!AJ32,0)+IF(DataEntry_Standard!AK32<>"",6-DataEntry_Standard!AK32,0)+IF(DataEntry_Standard!AL32<>"",DataEntry_Standard!AL32,0) -> 0 | H30: =IF(A30<>"",C30+D30+E30+F30+G30,"") -> 0 | I30: =IF(DataEntry_Standard!D32>=4,1,0)+IF(DataEntry_Standard!G32>=4,1,0)+IF(DataEntry_Standard!I32>=4,1,0)+IF(DataEntry_Standard!J32>=4,1,0)+IF(DataEntry_Standard!K32>=4,1,0)+IF(DataEntry_Standard!L32>=4,1,0)+IF(DataEntry_Standard!M32>=4,1,0)+IF(DataEntry_Standard!N32>=4,1,0)+IF(DataEntry_Standard!O32>=4,1,0)+IF(DataEntry_Standard!P32>=4,1,0)+IF(DataEntry_Standard!T32>=4,1,0)+IF(DataEntry_Standard!U32>=4,1,0)+IF(DataEntry_Standard!V32>=4,1,0)+IF(DataEntry_Standard!W32>=4,1,0)+IF(DataEntry_Standard!Z32>=4,1,0)+IF(DataEntry_Standard!AB32>=4,1,0)+IF(DataEntry_Standard!AC32>=4,1,0)+IF(DataEntry_Standard!AD32>=4,1,0)+IF(DataEntry_Standard!AE32>=4,1,0)+IF(DataEntry_Standard!AF32>=4,1,0)+IF(DataEntry_Standard!AH32>=4,1,0)+IF(DataEntry_Standard!AJ32>=4,1,0)+IF(DataEntry_Standard!AL32>=4,1,0)+IF(DataEntry_Standard!AI32<=2,1,0)+IF(DataEntry_Standard!E32<=2,1,0)+IF(DataEntry_Standard!F32<=2,1,0)+IF(DataEntry_Standard!AK32<=2,1,0)+IF(DataEntry_Standard!H32<=2,1,0)+IF(DataEntry_Standard!Q32<=2,1,0)+IF(DataEntry_Standard!R32<=2,1,0)+IF(DataEntry_Standard!S32<=2,1,0)+IF(DataEntry_Standard!X32<=2,1,0)+IF(DataEntry_Standard!Y32<=2,1,0)+IF(DataEntry_Standard!AA32<=2,1,0)+IF(DataEntry_Standard!AG32<=2,1,0) -> 12 | J30: =IF(DataEntry_SmartICT!D32<>"",DataEntry_SmartICT!D32,0)+IF(DataEntry_SmartICT!E32<>"",DataEntry_SmartICT!E32,0)+IF(DataEntry_SmartICT!F32<>"",6-DataEntry_SmartICT!F32,0)+IF(DataEntry_SmartICT!G32<>"",6-DataEntry_SmartICT!G32,0)+IF(DataEntry_SmartICT!H32<>"",DataEntry_SmartICT!H32,0)+IF(DataEntry_SmartICT!I32<>"",DataEntry_SmartICT!I32,0)+IF(DataEntry_SmartICT!J32<>"",6-DataEntry_SmartICT!J32,0)+IF(DataEntry_SmartICT!K32<>"",DataEntry_SmartICT!K32,0)+IF(DataEntry_SmartICT!L32<>"",6-DataEntry_SmartICT!L32,0)+IF(DataEntry_SmartICT!M32<>"",DataEntry_SmartICT!M32,0)+IF(DataEntry_SmartICT!N32<>"",6-DataEntry_SmartICT!N32,0)+IF(DataEntry_SmartICT!O32<>"",6-DataEntry_SmartICT!O32,0)+IF(DataEntry_SmartICT!P32<>"",6-DataEntry_SmartICT!P32,0)+IF(DataEntry_SmartICT!Q32<>"",6-DataEntry_SmartICT!Q32,0)+IF(DataEntry_SmartICT!R32<>"",6-DataEntry_SmartICT!R32,0)+IF(DataEntry_SmartICT!S32<>"",6-DataEntry_SmartICT!S32,0)+IF(DataEntry_SmartICT!T32<>"",6-DataEntry_SmartICT!T32,0)+IF(DataEntry_SmartICT!U32<>"",6-DataEntry_SmartICT!U32,0)+IF(DataEntry_SmartICT!V32<>"",DataEntry_SmartICT!V32,0)+IF(DataEntry_SmartICT!W32<>"",DataEntry_SmartICT!W32,0)+IF(DataEntry_SmartICT!X32<>"",DataEntry_SmartICT!X32,0)+IF(DataEntry_SmartICT!Y32<>"",6-DataEntry_SmartICT!Y32,0)+IF(DataEntry_SmartICT!Z32<>"",6-DataEntry_SmartICT!Z32,0)+IF(DataEntry_SmartICT!AA32<>"",DataEntry_SmartICT!AA32,0)+IF(DataEntry_SmartICT!AB32<>"",DataEntry_SmartICT!AB32,0)+IF(DataEntry_SmartICT!AC32<>"",6-DataEntry_SmartICT!AC32,0)+IF(DataEntry_SmartICT!AD32<>"",DataEntry_SmartICT!AD32,0) -> 0 | K30: =IF(H30<>"",IFERROR(H30+J30,H30),"") -> 0 | L30: =IF(H30="","",IF(H30/35<=Configurazione!C21,"Trascurabile",IF(H30/35<=Configurazione!C22,"Moderato","Rilevante"))) -> Trascurabile | M30: =IF(J30=0,"N/A",IF(J30/27<=Configurazione!C26,"Trascurabile",IF(J30/27<=Configurazione!C27,"Moderato","Rilevante"))) -> N/A
A31: =DataEntry_Standard!A33 -> COMP-029 | B31: =DataEntry_Standard!C33 -> 0 | C31: =IF(DataEntry_Standard!D33<>"",DataEntry_Standard!D33,0)+IF(DataEntry_Standard!E33<>"",6-DataEntry_Standard!E33,0)+IF(DataEntry_Standard!F33<>"",6-DataEntry_Standard!F33,0)+IF(DataEntry_Standard!G33<>"",DataEntry_Standard!G33,0)+IF(DataEntry_Standard!H33<>"",6-DataEntry_Standard!H33,0)+IF(DataEntry_Standard!I33<>"",DataEntry_Standard!I33,0)+IF(DataEntry_Standard!J33<>"",DataEntry_Standard!J33,0)+IF(DataEntry_Standard!K33<>"",DataEntry_Standard!K33,0)+IF(DataEntry_Standard!L33<>"",DataEntry_Standard!L33,0)+IF(DataEntry_Standard!M33<>"",DataEntry_Standard!M33,0) -> 0 | D31: =IF(DataEntry_Standard!N33<>"",DataEntry_Standard!N33,0)+IF(DataEntry_Standard!O33<>"",DataEntry_Standard!O33,0)+IF(DataEntry_Standard!P33<>"",DataEntry_Standard!P33,0)+IF(DataEntry_Standard!Q33<>"",6-DataEntry_Standard!Q33,0)+IF(DataEntry_Standard!R33<>"",6-DataEntry_Standard!R33,0)+IF(DataEntry_Standard!S33<>"",6-DataEntry_Standard!S33,0)+IF(DataEntry_Standard!T33<>"",DataEntry_Standard!T33,0)+IF(DataEntry_Standard!U33<>"",DataEntry_Standard!U33,0)+IF(DataEntry_Standard!V33<>"",DataEntry_Standard!V33,0) -> 0 | E31: =IF(DataEntry_Standard!W33<>"",DataEntry_Standard!W33,0)+IF(DataEntry_Standard!X33<>"",6-DataEntry_Standard!X33,0)+IF(DataEntry_Standard!Y33<>"",6-DataEntry_Standard!Y33,0)+IF(DataEntry_Standard!Z33<>"",DataEntry_Standard!Z33,0)+IF(DataEntry_Standard!AA33<>"",6-DataEntry_Standard!AA33,0)+IF(DataEntry_Standard!AB33<>"",DataEntry_Standard!AB33,0)+IF(DataEntry_Standard!AC33<>"",DataEntry_Standard!AC33,0)+IF(DataEntry_Standard!AD33<>"",DataEntry_Standard!AD33,0) -> 0 | F31: =IF(DataEntry_Standard!AE33<>"",DataEntry_Standard!AE33,0)+IF(DataEntry_Standard!AF33<>"",DataEntry_Standard!AF33,0)+IF(DataEntry_Standard!AG33<>"",6-DataEntry_Standard!AG33,0)+IF(DataEntry_Standard!AH33<>"",DataEntry_Standard!AH33,0)+IF(DataEntry_Standard!AI33<>"",6-DataEntry_Standard!AI33,0) -> 0 | G31: =IF(DataEntry_Standard!AJ33<>"",DataEntry_Standard!AJ33,0)+IF(DataEntry_Standard!AK33<>"",6-DataEntry_Standard!AK33,0)+IF(DataEntry_Standard!AL33<>"",DataEntry_Standard!AL33,0) -> 0 | H31: =IF(A31<>"",C31+D31+E31+F31+G31,"") -> 0 | I31: =IF(DataEntry_Standard!D33>=4,1,0)+IF(DataEntry_Standard!G33>=4,1,0)+IF(DataEntry_Standard!I33>=4,1,0)+IF(DataEntry_Standard!J33>=4,1,0)+IF(DataEntry_Standard!K33>=4,1,0)+IF(DataEntry_Standard!L33>=4,1,0)+IF(DataEntry_Standard!M33>=4,1,0)+IF(DataEntry_Standard!N33>=4,1,0)+IF(DataEntry_Standard!O33>=4,1,0)+IF(DataEntry_Standard!P33>=4,1,0)+IF(DataEntry_Standard!T33>=4,1,0)+IF(DataEntry_Standard!U33>=4,1,0)+IF(DataEntry_Standard!V33>=4,1,0)+IF(DataEntry_Standard!W33>=4,1,0)+IF(DataEntry_Standard!Z33>=4,1,0)+IF(DataEntry_Standard!AB33>=4,1,0)+IF(DataEntry_Standard!AC33>=4,1,0)+IF(DataEntry_Standard!AD33>=4,1,0)+IF(DataEntry_Standard!AE33>=4,1,0)+IF(DataEntry_Standard!AF33>=4,1,0)+IF(DataEntry_Standard!AH33>=4,1,0)+IF(DataEntry_Standard!AJ33>=4,1,0)+IF(DataEntry_Standard!AL33>=4,1,0)+IF(DataEntry_Standard!AI33<=2,1,0)+IF(DataEntry_Standard!E33<=2,1,0)+IF(DataEntry_Standard!F33<=2,1,0)+IF(DataEntry_Standard!AK33<=2,1,0)+IF(DataEntry_Standard!H33<=2,1,0)+IF(DataEntry_Standard!Q33<=2,1,0)+IF(DataEntry_Standard!R33<=2,1,0)+IF(DataEntry_Standard!S33<=2,1,0)+IF(DataEntry_Standard!X33<=2,1,0)+IF(DataEntry_Standard!Y33<=2,1,0)+IF(DataEntry_Standard!AA33<=2,1,0)+IF(DataEntry_Standard!AG33<=2,1,0) -> 12 | J31: =IF(DataEntry_SmartICT!D33<>"",DataEntry_SmartICT!D33,0)+IF(DataEntry_SmartICT!E33<>"",DataEntry_SmartICT!E33,0)+IF(DataEntry_SmartICT!F33<>"",6-DataEntry_SmartICT!F33,0)+IF(DataEntry_SmartICT!G33<>"",6-DataEntry_SmartICT!G33,0)+IF(DataEntry_SmartICT!H33<>"",DataEntry_SmartICT!H33,0)+IF(DataEntry_SmartICT!I33<>"",DataEntry_SmartICT!I33,0)+IF(DataEntry_SmartICT!J33<>"",6-DataEntry_SmartICT!J33,0)+IF(DataEntry_SmartICT!K33<>"",DataEntry_SmartICT!K33,0)+IF(DataEntry_SmartICT!L33<>"",6-DataEntry_SmartICT!L33,0)+IF(DataEntry_SmartICT!M33<>"",DataEntry_SmartICT!M33,0)+IF(DataEntry_SmartICT!N33<>"",6-DataEntry_SmartICT!N33,0)+IF(DataEntry_SmartICT!O33<>"",6-DataEntry_SmartICT!O33,0)+IF(DataEntry_SmartICT!P33<>"",6-DataEntry_SmartICT!P33,0)+IF(DataEntry_SmartICT!Q33<>"",6-DataEntry_SmartICT!Q33,0)+IF(DataEntry_SmartICT!R33<>"",6-DataEntry_SmartICT!R33,0)+IF(DataEntry_SmartICT!S33<>"",6-DataEntry_SmartICT!S33,0)+IF(DataEntry_SmartICT!T33<>"",6-DataEntry_SmartICT!T33,0)+IF(DataEntry_SmartICT!U33<>"",6-DataEntry_SmartICT!U33,0)+IF(DataEntry_SmartICT!V33<>"",DataEntry_SmartICT!V33,0)+IF(DataEntry_SmartICT!W33<>"",DataEntry_SmartICT!W33,0)+IF(DataEntry_SmartICT!X33<>"",DataEntry_SmartICT!X33,0)+IF(DataEntry_SmartICT!Y33<>"",6-DataEntry_SmartICT!Y33,0)+IF(DataEntry_SmartICT!Z33<>"",6-DataEntry_SmartICT!Z33,0)+IF(DataEntry_SmartICT!AA33<>"",DataEntry_SmartICT!AA33,0)+IF(DataEntry_SmartICT!AB33<>"",DataEntry_SmartICT!AB33,0)+IF(DataEntry_SmartICT!AC33<>"",6-DataEntry_SmartICT!AC33,0)+IF(DataEntry_SmartICT!AD33<>"",DataEntry_SmartICT!AD33,0) -> 0 | K31: =IF(H31<>"",IFERROR(H31+J31,H31),"") -> 0 | L31: =IF(H31="","",IF(H31/35<=Configurazione!C21,"Trascurabile",IF(H31/35<=Configurazione!C22,"Moderato","Rilevante"))) -> Trascurabile | M31: =IF(J31=0,"N/A",IF(J31/27<=Configurazione!C26,"Trascurabile",IF(J31/27<=Configurazione!C27,"Moderato","Rilevante"))) -> N/A
A32: =DataEntry_Standard!A34 -> COMP-030 | B32: =DataEntry_Standard!C34 -> 0 | C32: =IF(DataEntry_Standard!D34<>"",DataEntry_Standard!D34,0)+IF(DataEntry_Standard!E34<>"",6-DataEntry_Standard!E34,0)+IF(DataEntry_Standard!F34<>"",6-DataEntry_Standard!F34,0)+IF(DataEntry_Standard!G34<>"",DataEntry_Standard!G34,0)+IF(DataEntry_Standard!H34<>"",6-DataEntry_Standard!H34,0)+IF(DataEntry_Standard!I34<>"",DataEntry_Standard!I34,0)+IF(DataEntry_Standard!J34<>"",DataEntry_Standard!J34,0)+IF(DataEntry_Standard!K34<>"",DataEntry_Standard!K34,0)+IF(DataEntry_Standard!L34<>"",DataEntry_Standard!L34,0)+IF(DataEntry_Standard!M34<>"",DataEntry_Standard!M34,0) -> 0 | D32: =IF(DataEntry_Standard!N34<>"",DataEntry_Standard!N34,0)+IF(DataEntry_Standard!O34<>"",DataEntry_Standard!O34,0)+IF(DataEntry_Standard!P34<>"",DataEntry_Standard!P34,0)+IF(DataEntry_Standard!Q34<>"",6-DataEntry_Standard!Q34,0)+IF(DataEntry_Standard!R34<>"",6-DataEntry_Standard!R34,0)+IF(DataEntry_Standard!S34<>"",6-DataEntry_Standard!S34,0)+IF(DataEntry_Standard!T34<>"",DataEntry_Standard!T34,0)+IF(DataEntry_Standard!U34<>"",DataEntry_Standard!U34,0)+IF(DataEntry_Standard!V34<>"",DataEntry_Standard!V34,0) -> 0 | E32: =IF(DataEntry_Standard!W34<>"",DataEntry_Standard!W34,0)+IF(DataEntry_Standard!X34<>"",6-DataEntry_Standard!X34,0)+IF(DataEntry_Standard!Y34<>"",6-DataEntry_Standard!Y34,0)+IF(DataEntry_Standard!Z34<>"",DataEntry_Standard!Z34,0)+IF(DataEntry_Standard!AA34<>"",6-DataEntry_Standard!AA34,0)+IF(DataEntry_Standard!AB34<>"",DataEntry_Standard!AB34,0)+IF(DataEntry_Standard!AC34<>"",DataEntry_Standard!AC34,0)+IF(DataEntry_Standard!AD34<>"",DataEntry_Standard!AD34,0) -> 0 | F32: =IF(DataEntry_Standard!AE34<>"",DataEntry_Standard!AE34,0)+IF(DataEntry_Standard!AF34<>"",DataEntry_Standard!AF34,0)+IF(DataEntry_Standard!AG34<>"",6-DataEntry_Standard!AG34,0)+IF(DataEntry_Standard!AH34<>"",DataEntry_Standard!AH34,0)+IF(DataEntry_Standard!AI34<>"",6-DataEntry_Standard!AI34,0) -> 0 | G32: =IF(DataEntry_Standard!AJ34<>"",DataEntry_Standard!AJ34,0)+IF(DataEntry_Standard!AK34<>"",6-DataEntry_Standard!AK34,0)+IF(DataEntry_Standard!AL34<>"",DataEntry_Standard!AL34,0) -> 0 | H32: =IF(A32<>"",C32+D32+E32+F32+G32,"") -> 0 | I32: =IF(DataEntry_Standard!D34>=4,1,0)+IF(DataEntry_Standard!G34>=4,1,0)+IF(DataEntry_Standard!I34>=4,1,0)+IF(DataEntry_Standard!J34>=4,1,0)+IF(DataEntry_Standard!K34>=4,1,0)+IF(DataEntry_Standard!L34>=4,1,0)+IF(DataEntry_Standard!M34>=4,1,0)+IF(DataEntry_Standard!N34>=4,1,0)+IF(DataEntry_Standard!O34>=4,1,0)+IF(DataEntry_Standard!P34>=4,1,0)+IF(DataEntry_Standard!T34>=4,1,0)+IF(DataEntry_Standard!U34>=4,1,0)+IF(DataEntry_Standard!V34>=4,1,0)+IF(DataEntry_Standard!W34>=4,1,0)+IF(DataEntry_Standard!Z34>=4,1,0)+IF(DataEntry_Standard!AB34>=4,1,0)+IF(DataEntry_Standard!AC34>=4,1,0)+IF(DataEntry_Standard!AD34>=4,1,0)+IF(DataEntry_Standard!AE34>=4,1,0)+IF(DataEntry_Standard!AF34>=4,1,0)+IF(DataEntry_Standard!AH34>=4,1,0)+IF(DataEntry_Standard!AJ34>=4,1,0)+IF(DataEntry_Standard!AL34>=4,1,0)+IF(DataEntry_Standard!AI34<=2,1,0)+IF(DataEntry_Standard!E34<=2,1,0)+IF(DataEntry_Standard!F34<=2,1,0)+IF(DataEntry_Standard!AK34<=2,1,0)+IF(DataEntry_Standard!H34<=2,1,0)+IF(DataEntry_Standard!Q34<=2,1,0)+IF(DataEntry_Standard!R34<=2,1,0)+IF(DataEntry_Standard!S34<=2,1,0)+IF(DataEntry_Standard!X34<=2,1,0)+IF(DataEntry_Standard!Y34<=2,1,0)+IF(DataEntry_Standard!AA34<=2,1,0)+IF(DataEntry_Standard!AG34<=2,1,0) -> 12 | J32: =IF(DataEntry_SmartICT!D34<>"",DataEntry_SmartICT!D34,0)+IF(DataEntry_SmartICT!E34<>"",DataEntry_SmartICT!E34,0)+IF(DataEntry_SmartICT!F34<>"",6-DataEntry_SmartICT!F34,0)+IF(DataEntry_SmartICT!G34<>"",6-DataEntry_SmartICT!G34,0)+IF(DataEntry_SmartICT!H34<>"",DataEntry_SmartICT!H34,0)+IF(DataEntry_SmartICT!I34<>"",DataEntry_SmartICT!I34,0)+IF(DataEntry_SmartICT!J34<>"",6-DataEntry_SmartICT!J34,0)+IF(DataEntry_SmartICT!K34<>"",DataEntry_SmartICT!K34,0)+IF(DataEntry_SmartICT!L34<>"",6-DataEntry_SmartICT!L34,0)+IF(DataEntry_SmartICT!M34<>"",DataEntry_SmartICT!M34,0)+IF(DataEntry_SmartICT!N34<>"",6-DataEntry_SmartICT!N34,0)+IF(DataEntry_SmartICT!O34<>"",6-DataEntry_SmartICT!O34,0)+IF(DataEntry_SmartICT!P34<>"",6-DataEntry_SmartICT!P34,0)+IF(DataEntry_SmartICT!Q34<>"",6-DataEntry_SmartICT!Q34,0)+IF(DataEntry_SmartICT!R34<>"",6-DataEntry_SmartICT!R34,0)+IF(DataEntry_SmartICT!S34<>"",6-DataEntry_SmartICT!S34,0)+IF(DataEntry_SmartICT!T34<>"",6-DataEntry_SmartICT!T34,0)+IF(DataEntry_SmartICT!U34<>"",6-DataEntry_SmartICT!U34,0)+IF(DataEntry_SmartICT!V34<>"",DataEntry_SmartICT!V34,0)+IF(DataEntry_SmartICT!W34<>"",DataEntry_SmartICT!W34,0)+IF(DataEntry_SmartICT!X34<>"",DataEntry_SmartICT!X34,0)+IF(DataEntry_SmartICT!Y34<>"",6-DataEntry_SmartICT!Y34,0)+IF(DataEntry_SmartICT!Z34<>"",6-DataEntry_SmartICT!Z34,0)+IF(DataEntry_SmartICT!AA34<>"",DataEntry_SmartICT!AA34,0)+IF(DataEntry_SmartICT!AB34<>"",DataEntry_SmartICT!AB34,0)+IF(DataEntry_SmartICT!AC34<>"",6-DataEntry_SmartICT!AC34,0)+IF(DataEntry_SmartICT!AD34<>"",DataEntry_SmartICT!AD34,0) -> 0 | K32: =IF(H32<>"",IFERROR(H32+J32,H32),"") -> 0 | L32: =IF(H32="","",IF(H32/35<=Configurazione!C21,"Trascurabile",IF(H32/35<=Configurazione!C22,"Moderato","Rilevante"))) -> Trascurabile | M32: =IF(J32=0,"N/A",IF(J32/27<=Configurazione!C26,"Trascurabile",IF(J32/27<=Configurazione!C27,"Moderato","Rilevante"))) -> N/A
A33: =DataEntry_Standard!A35 -> COMP-031 | B33: =DataEntry_Standard!C35 -> 0 | C33: =IF(DataEntry_Standard!D35<>"",DataEntry_Standard!D35,0)+IF(DataEntry_Standard!E35<>"",6-DataEntry_Standard!E35,0)+IF(DataEntry_Standard!F35<>"",6-DataEntry_Standard!F35,0)+IF(DataEntry_Standard!G35<>"",DataEntry_Standard!G35,0)+IF(DataEntry_Standard!H35<>"",6-DataEntry_Standard!H35,0)+IF(DataEntry_Standard!I35<>"",DataEntry_Standard!I35,0)+IF(DataEntry_Standard!J35<>"",DataEntry_Standard!J35,0)+IF(DataEntry_Standard!K35<>"",DataEntry_Standard!K35,0)+IF(DataEntry_Standard!L35<>"",DataEntry_Standard!L35,0)+IF(DataEntry_Standard!M35<>"",DataEntry_Standard!M35,0) -> 0 | D33: =IF(DataEntry_Standard!N35<>"",DataEntry_Standard!N35,0)+IF(DataEntry_Standard!O35<>"",DataEntry_Standard!O35,0)+IF(DataEntry_Standard!P35<>"",DataEntry_Standard!P35,0)+IF(DataEntry_Standard!Q35<>"",6-DataEntry_Standard!Q35,0)+IF(DataEntry_Standard!R35<>"",6-DataEntry_Standard!R35,0)+IF(DataEntry_Standard!S35<>"",6-DataEntry_Standard!S35,0)+IF(DataEntry_Standard!T35<>"",DataEntry_Standard!T35,0)+IF(DataEntry_Standard!U35<>"",DataEntry_Standard!U35,0)+IF(DataEntry_Standard!V35<>"",DataEntry_Standard!V35,0) -> 0 | E33: =IF(DataEntry_Standard!W35<>"",DataEntry_Standard!W35,0)+IF(DataEntry_Standard!X35<>"",6-DataEntry_Standard!X35,0)+IF(DataEntry_Standard!Y35<>"",6-DataEntry_Standard!Y35,0)+IF(DataEntry_Standard!Z35<>"",DataEntry_Standard!Z35,0)+IF(DataEntry_Standard!AA35<>"",6-DataEntry_Standard!AA35,0)+IF(DataEntry_Standard!AB35<>"",DataEntry_Standard!AB35,0)+IF(DataEntry_Standard!AC35<>"",DataEntry_Standard!AC35,0)+IF(DataEntry_Standard!AD35<>"",DataEntry_Standard!AD35,0) -> 0 | F33: =IF(DataEntry_Standard!AE35<>"",DataEntry_Standard!AE35,0)+IF(DataEntry_Standard!AF35<>"",DataEntry_Standard!AF35,0)+IF(DataEntry_Standard!AG35<>"",6-DataEntry_Standard!AG35,0)+IF(DataEntry_Standard!AH35<>"",DataEntry_Standard!AH35,0)+IF(DataEntry_Standard!AI35<>"",6-DataEntry_Standard!AI35,0) -> 0 | G33: =IF(DataEntry_Standard!AJ35<>"",DataEntry_Standard!AJ35,0)+IF(DataEntry_Standard!AK35<>"",6-DataEntry_Standard!AK35,0)+IF(DataEntry_Standard!AL35<>"",DataEntry_Standard!AL35,0) -> 0 | H33: =IF(A33<>"",C33+D33+E33+F33+G33,"") -> 0 | I33: =IF(DataEntry_Standard!D35>=4,1,0)+IF(DataEntry_Standard!G35>=4,1,0)+IF(DataEntry_Standard!I35>=4,1,0)+IF(DataEntry_Standard!J35>=4,1,0)+IF(DataEntry_Standard!K35>=4,1,0)+IF(DataEntry_Standard!L35>=4,1,0)+IF(DataEntry_Standard!M35>=4,1,0)+IF(DataEntry_Standard!N35>=4,1,0)+IF(DataEntry_Standard!O35>=4,1,0)+IF(DataEntry_Standard!P35>=4,1,0)+IF(DataEntry_Standard!T35>=4,1,0)+IF(DataEntry_Standard!U35>=4,1,0)+IF(DataEntry_Standard!V35>=4,1,0)+IF(DataEntry_Standard!W35>=4,1,0)+IF(DataEntry_Standard!Z35>=4,1,0)+IF(DataEntry_Standard!AB35>=4,1,0)+IF(DataEntry_Standard!AC35>=4,1,0)+IF(DataEntry_Standard!AD35>=4,1,0)+IF(DataEntry_Standard!AE35>=4,1,0)+IF(DataEntry_Standard!AF35>=4,1,0)+IF(DataEntry_Standard!AH35>=4,1,0)+IF(DataEntry_Standard!AJ35>=4,1,0)+IF(DataEntry_Standard!AL35>=4,1,0)+IF(DataEntry_Standard!AI35<=2,1,0)+IF(DataEntry_Standard!E35<=2,1,0)+IF(DataEntry_Standard!F35<=2,1,0)+IF(DataEntry_Standard!AK35<=2,1,0)+IF(DataEntry_Standard!H35<=2,1,0)+IF(DataEntry_Standard!Q35<=2,1,0)+IF(DataEntry_Standard!R35<=2,1,0)+IF(DataEntry_Standard!S35<=2,1,0)+IF(DataEntry_Standard!X35<=2,1,0)+IF(DataEntry_Standard!Y35<=2,1,0)+IF(DataEntry_Standard!AA35<=2,1,0)+IF(DataEntry_Standard!AG35<=2,1,0) -> 12 | J33: =IF(DataEntry_SmartICT!D35<>"",DataEntry_SmartICT!D35,0)+IF(DataEntry_SmartICT!E35<>"",DataEntry_SmartICT!E35,0)+IF(DataEntry_SmartICT!F35<>"",6-DataEntry_SmartICT!F35,0)+IF(DataEntry_SmartICT!G35<>"",6-DataEntry_SmartICT!G35,0)+IF(DataEntry_SmartICT!H35<>"",DataEntry_SmartICT!H35,0)+IF(DataEntry_SmartICT!I35<>"",DataEntry_SmartICT!I35,0)+IF(DataEntry_SmartICT!J35<>"",6-DataEntry_SmartICT!J35,0)+IF(DataEntry_SmartICT!K35<>"",DataEntry_SmartICT!K35,0)+IF(DataEntry_SmartICT!L35<>"",6-DataEntry_SmartICT!L35,0)+IF(DataEntry_SmartICT!M35<>"",DataEntry_SmartICT!M35,0)+IF(DataEntry_SmartICT!N35<>"",6-DataEntry_SmartICT!N35,0)+IF(DataEntry_SmartICT!O35<>"",6-DataEntry_SmartICT!O35,0)+IF(DataEntry_SmartICT!P35<>"",6-DataEntry_SmartICT!P35,0)+IF(DataEntry_SmartICT!Q35<>"",6-DataEntry_SmartICT!Q35,0)+IF(DataEntry_SmartICT!R35<>"",6-DataEntry_SmartICT!R35,0)+IF(DataEntry_SmartICT!S35<>"",6-DataEntry_SmartICT!S35,0)+IF(DataEntry_SmartICT!T35<>"",6-DataEntry_SmartICT!T35,0)+IF(DataEntry_SmartICT!U35<>"",6-DataEntry_SmartICT!U35,0)+IF(DataEntry_SmartICT!V35<>"",DataEntry_SmartICT!V35,0)+IF(DataEntry_SmartICT!W35<>"",DataEntry_SmartICT!W35,0)+IF(DataEntry_SmartICT!X35<>"",DataEntry_SmartICT!X35,0)+IF(DataEntry_SmartICT!Y35<>"",6-DataEntry_SmartICT!Y35,0)+IF(DataEntry_SmartICT!Z35<>"",6-DataEntry_SmartICT!Z35,0)+IF(DataEntry_SmartICT!AA35<>"",DataEntry_SmartICT!AA35,0)+IF(DataEntry_SmartICT!AB35<>"",DataEntry_SmartICT!AB35,0)+IF(DataEntry_SmartICT!AC35<>"",6-DataEntry_SmartICT!AC35,0)+IF(DataEntry_SmartICT!AD35<>"",DataEntry_SmartICT!AD35,0) -> 0 | K33: =IF(H33<>"",IFERROR(H33+J33,H33),"") -> 0 | L33: =IF(H33="","",IF(H33/35<=Configurazione!C21,"Trascurabile",IF(H33/35<=Configurazione!C22,"Moderato","Rilevante"))) -> Trascurabile | M33: =IF(J33=0,"N/A",IF(J33/27<=Configurazione!C26,"Trascurabile",IF(J33/27<=Configurazione!C27,"Moderato","Rilevante"))) -> N/A
A34: =DataEntry_Standard!A36 -> COMP-032 | B34: =DataEntry_Standard!C36 -> 0 | C34: =IF(DataEntry_Standard!D36<>"",DataEntry_Standard!D36,0)+IF(DataEntry_Standard!E36<>"",6-DataEntry_Standard!E36,0)+IF(DataEntry_Standard!F36<>"",6-DataEntry_Standard!F36,0)+IF(DataEntry_Standard!G36<>"",DataEntry_Standard!G36,0)+IF(DataEntry_Standard!H36<>"",6-DataEntry_Standard!H36,0)+IF(DataEntry_Standard!I36<>"",DataEntry_Standard!I36,0)+IF(DataEntry_Standard!J36<>"",DataEntry_Standard!J36,0)+IF(DataEntry_Standard!K36<>"",DataEntry_Standard!K36,0)+IF(DataEntry_Standard!L36<>"",DataEntry_Standard!L36,0)+IF(DataEntry_Standard!M36<>"",DataEntry_Standard!M36,0) -> 0 | D34: =IF(DataEntry_Standard!N36<>"",DataEntry_Standard!N36,0)+IF(DataEntry_Standard!O36<>"",DataEntry_Standard!O36,0)+IF(DataEntry_Standard!P36<>"",DataEntry_Standard!P36,0)+IF(DataEntry_Standard!Q36<>"",6-DataEntry_Standard!Q36,0)+IF(DataEntry_Standard!R36<>"",6-DataEntry_Standard!R36,0)+IF(DataEntry_Standard!S36<>"",6-DataEntry_Standard!S36,0)+IF(DataEntry_Standard!T36<>"",DataEntry_Standard!T36,0)+IF(DataEntry_Standard!U36<>"",DataEntry_Standard!U36,0)+IF(DataEntry_Standard!V36<>"",DataEntry_Standard!V36,0) -> 0 | E34: =IF(DataEntry_Standard!W36<>"",DataEntry_Standard!W36,0)+IF(DataEntry_Standard!X36<>"",6-DataEntry_Standard!X36,0)+IF(DataEntry_Standard!Y36<>"",6-DataEntry_Standard!Y36,0)+IF(DataEntry_Standard!Z36<>"",DataEntry_Standard!Z36,0)+IF(DataEntry_Standard!AA36<>"",6-DataEntry_Standard!AA36,0)+IF(DataEntry_Standard!AB36<>"",DataEntry_Standard!AB36,0)+IF(DataEntry_Standard!AC36<>"",DataEntry_Standard!AC36,0)+IF(DataEntry_Standard!AD36<>"",DataEntry_Standard!AD36,0) -> 0 | F34: =IF(DataEntry_Standard!AE36<>"",DataEntry_Standard!AE36,0)+IF(DataEntry_Standard!AF36<>"",DataEntry_Standard!AF36,0)+IF(DataEntry_Standard!AG36<>"",6-DataEntry_Standard!AG36,0)+IF(DataEntry_Standard!AH36<>"",DataEntry_Standard!AH36,0)+IF(DataEntry_Standard!AI36<>"",6-DataEntry_Standard!AI36,0) -> 0 | G34: =IF(DataEntry_Standard!AJ36<>"",DataEntry_Standard!AJ36,0)+IF(DataEntry_Standard!AK36<>"",6-DataEntry_Standard!AK36,0)+IF(DataEntry_Standard!AL36<>"",DataEntry_Standard!AL36,0) -> 0 | H34: =IF(A34<>"",C34+D34+E34+F34+G34,"") -> 0 | I34: =IF(DataEntry_Standard!D36>=4,1,0)+IF(DataEntry_Standard!G36>=4,1,0)+IF(DataEntry_Standard!I36>=4,1,0)+IF(DataEntry_Standard!J36>=4,1,0)+IF(DataEntry_Standard!K36>=4,1,0)+IF(DataEntry_Standard!L36>=4,1,0)+IF(DataEntry_Standard!M36>=4,1,0)+IF(DataEntry_Standard!N36>=4,1,0)+IF(DataEntry_Standard!O36>=4,1,0)+IF(DataEntry_Standard!P36>=4,1,0)+IF(DataEntry_Standard!T36>=4,1,0)+IF(DataEntry_Standard!U36>=4,1,0)+IF(DataEntry_Standard!V36>=4,1,0)+IF(DataEntry_Standard!W36>=4,1,0)+IF(DataEntry_Standard!Z36>=4,1,0)+IF(DataEntry_Standard!AB36>=4,1,0)+IF(DataEntry_Standard!AC36>=4,1,0)+IF(DataEntry_Standard!AD36>=4,1,0)+IF(DataEntry_Standard!AE36>=4,1,0)+IF(DataEntry_Standard!AF36>=4,1,0)+IF(DataEntry_Standard!AH36>=4,1,0)+IF(DataEntry_Standard!AJ36>=4,1,0)+IF(DataEntry_Standard!AL36>=4,1,0)+IF(DataEntry_Standard!AI36<=2,1,0)+IF(DataEntry_Standard!E36<=2,1,0)+IF(DataEntry_Standard!F36<=2,1,0)+IF(DataEntry_Standard!AK36<=2,1,0)+IF(DataEntry_Standard!H36<=2,1,0)+IF(DataEntry_Standard!Q36<=2,1,0)+IF(DataEntry_Standard!R36<=2,1,0)+IF(DataEntry_Standard!S36<=2,1,0)+IF(DataEntry_Standard!X36<=2,1,0)+IF(DataEntry_Standard!Y36<=2,1,0)+IF(DataEntry_Standard!AA36<=2,1,0)+IF(DataEntry_Standard!AG36<=2,1,0) -> 12 | J34: =IF(DataEntry_SmartICT!D36<>"",DataEntry_SmartICT!D36,0)+IF(DataEntry_SmartICT!E36<>"",DataEntry_SmartICT!E36,0)+IF(DataEntry_SmartICT!F36<>"",6-DataEntry_SmartICT!F36,0)+IF(DataEntry_SmartICT!G36<>"",6-DataEntry_SmartICT!G36,0)+IF(DataEntry_SmartICT!H36<>"",DataEntry_SmartICT!H36,0)+IF(DataEntry_SmartICT!I36<>"",DataEntry_SmartICT!I36,0)+IF(DataEntry_SmartICT!J36<>"",6-DataEntry_SmartICT!J36,0)+IF(DataEntry_SmartICT!K36<>"",DataEntry_SmartICT!K36,0)+IF(DataEntry_SmartICT!L36<>"",6-DataEntry_SmartICT!L36,0)+IF(DataEntry_SmartICT!M36<>"",DataEntry_SmartICT!M36,0)+IF(DataEntry_SmartICT!N36<>"",6-DataEntry_SmartICT!N36,0)+IF(DataEntry_SmartICT!O36<>"",6-DataEntry_SmartICT!O36,0)+IF(DataEntry_SmartICT!P36<>"",6-DataEntry_SmartICT!P36,0)+IF(DataEntry_SmartICT!Q36<>"",6-DataEntry_SmartICT!Q36,0)+IF(DataEntry_SmartICT!R36<>"",6-DataEntry_SmartICT!R36,0)+IF(DataEntry_SmartICT!S36<>"",6-DataEntry_SmartICT!S36,0)+IF(DataEntry_SmartICT!T36<>"",6-DataEntry_SmartICT!T36,0)+IF(DataEntry_SmartICT!U36<>"",6-DataEntry_SmartICT!U36,0)+IF(DataEntry_SmartICT!V36<>"",DataEntry_SmartICT!V36,0)+IF(DataEntry_SmartICT!W36<>"",DataEntry_SmartICT!W36,0)+IF(DataEntry_SmartICT!X36<>"",DataEntry_SmartICT!X36,0)+IF(DataEntry_SmartICT!Y36<>"",6-DataEntry_SmartICT!Y36,0)+IF(DataEntry_SmartICT!Z36<>"",6-DataEntry_SmartICT!Z36,0)+IF(DataEntry_SmartICT!AA36<>"",DataEntry_SmartICT!AA36,0)+IF(DataEntry_SmartICT!AB36<>"",DataEntry_SmartICT!AB36,0)+IF(DataEntry_SmartICT!AC36<>"",6-DataEntry_SmartICT!AC36,0)+IF(DataEntry_SmartICT!AD36<>"",DataEntry_SmartICT!AD36,0) -> 0 | K34: =IF(H34<>"",IFERROR(H34+J34,H34),"") -> 0 | L34: =IF(H34="","",IF(H34/35<=Configurazione!C21,"Trascurabile",IF(H34/35<=Configurazione!C22,"Moderato","Rilevante"))) -> Trascurabile | M34: =IF(J34=0,"N/A",IF(J34/27<=Configurazione!C26,"Trascurabile",IF(J34/27<=Configurazione!C27,"Moderato","Rilevante"))) -> N/A
A35: =DataEntry_Standard!A37 -> COMP-033 | B35: =DataEntry_Standard!C37 -> 0 | C35: =IF(DataEntry_Standard!D37<>"",DataEntry_Standard!D37,0)+IF(DataEntry_Standard!E37<>"",6-DataEntry_Standard!E37,0)+IF(DataEntry_Standard!F37<>"",6-DataEntry_Standard!F37,0)+IF(DataEntry_Standard!G37<>"",DataEntry_Standard!G37,0)+IF(DataEntry_Standard!H37<>"",6-DataEntry_Standard!H37,0)+IF(DataEntry_Standard!I37<>"",DataEntry_Standard!I37,0)+IF(DataEntry_Standard!J37<>"",DataEntry_Standard!J37,0)+IF(DataEntry_Standard!K37<>"",DataEntry_Standard!K37,0)+IF(DataEntry_Standard!L37<>"",DataEntry_Standard!L37,0)+IF(DataEntry_Standard!M37<>"",DataEntry_Standard!M37,0) -> 0 | D35: =IF(DataEntry_Standard!N37<>"",DataEntry_Standard!N37,0)+IF(DataEntry_Standard!O37<>"",DataEntry_Standard!O37,0)+IF(DataEntry_Standard!P37<>"",DataEntry_Standard!P37,0)+IF(DataEntry_Standard!Q37<>"",6-DataEntry_Standard!Q37,0)+IF(DataEntry_Standard!R37<>"",6-DataEntry_Standard!R37,0)+IF(DataEntry_Standard!S37<>"",6-DataEntry_Standard!S37,0)+IF(DataEntry_Standard!T37<>"",DataEntry_Standard!T37,0)+IF(DataEntry_Standard!U37<>"",DataEntry_Standard!U37,0)+IF(DataEntry_Standard!V37<>"",DataEntry_Standard!V37,0) -> 0 | E35: =IF(DataEntry_Standard!W37<>"",DataEntry_Standard!W37,0)+IF(DataEntry_Standard!X37<>"",6-DataEntry_Standard!X37,0)+IF(DataEntry_Standard!Y37<>"",6-DataEntry_Standard!Y37,0)+IF(DataEntry_Standard!Z37<>"",DataEntry_Standard!Z37,0)+IF(DataEntry_Standard!AA37<>"",6-DataEntry_Standard!AA37,0)+IF(DataEntry_Standard!AB37<>"",DataEntry_Standard!AB37,0)+IF(DataEntry_Standard!AC37<>"",DataEntry_Standard!AC37,0)+IF(DataEntry_Standard!AD37<>"",DataEntry_Standard!AD37,0) -> 0 | F35: =IF(DataEntry_Standard!AE37<>"",DataEntry_Standard!AE37,0)+IF(DataEntry_Standard!AF37<>"",DataEntry_Standard!AF37,0)+IF(DataEntry_Standard!AG37<>"",6-DataEntry_Standard!AG37,0)+IF(DataEntry_Standard!AH37<>"",DataEntry_Standard!AH37,0)+IF(DataEntry_Standard!AI37<>"",6-DataEntry_Standard!AI37,0) -> 0 | G35: =IF(DataEntry_Standard!AJ37<>"",DataEntry_Standard!AJ37,0)+IF(DataEntry_Standard!AK37<>"",6-DataEntry_Standard!AK37,0)+IF(DataEntry_Standard!AL37<>"",DataEntry_Standard!AL37,0) -> 0 | H35: =IF(A35<>"",C35+D35+E35+F35+G35,"") -> 0 | I35: =IF(DataEntry_Standard!D37>=4,1,0)+IF(DataEntry_Standard!G37>=4,1,0)+IF(DataEntry_Standard!I37>=4,1,0)+IF(DataEntry_Standard!J37>=4,1,0)+IF(DataEntry_Standard!K37>=4,1,0)+IF(DataEntry_Standard!L37>=4,1,0)+IF(DataEntry_Standard!M37>=4,1,0)+IF(DataEntry_Standard!N37>=4,1,0)+IF(DataEntry_Standard!O37>=4,1,0)+IF(DataEntry_Standard!P37>=4,1,0)+IF(DataEntry_Standard!T37>=4,1,0)+IF(DataEntry_Standard!U37>=4,1,0)+IF(DataEntry_Standard!V37>=4,1,0)+IF(DataEntry_Standard!W37>=4,1,0)+IF(DataEntry_Standard!Z37>=4,1,0)+IF(DataEntry_Standard!AB37>=4,1,0)+IF(DataEntry_Standard!AC37>=4,1,0)+IF(DataEntry_Standard!AD37>=4,1,0)+IF(DataEntry_Standard!AE37>=4,1,0)+IF(DataEntry_Standard!AF37>=4,1,0)+IF(DataEntry_Standard!AH37>=4,1,0)+IF(DataEntry_Standard!AJ37>=4,1,0)+IF(DataEntry_Standard!AL37>=4,1,0)+IF(DataEntry_Standard!AI37<=2,1,0)+IF(DataEntry_Standard!E37<=2,1,0)+IF(DataEntry_Standard!F37<=2,1,0)+IF(DataEntry_Standard!AK37<=2,1,0)+IF(DataEntry_Standard!H37<=2,1,0)+IF(DataEntry_Standard!Q37<=2,1,0)+IF(DataEntry_Standard!R37<=2,1,0)+IF(DataEntry_Standard!S37<=2,1,0)+IF(DataEntry_Standard!X37<=2,1,0)+IF(DataEntry_Standard!Y37<=2,1,0)+IF(DataEntry_Standard!AA37<=2,1,0)+IF(DataEntry_Standard!AG37<=2,1,0) -> 12 | J35: =IF(DataEntry_SmartICT!D37<>"",DataEntry_SmartICT!D37,0)+IF(DataEntry_SmartICT!E37<>"",DataEntry_SmartICT!E37,0)+IF(DataEntry_SmartICT!F37<>"",6-DataEntry_SmartICT!F37,0)+IF(DataEntry_SmartICT!G37<>"",6-DataEntry_SmartICT!G37,0)+IF(DataEntry_SmartICT!H37<>"",DataEntry_SmartICT!H37,0)+IF(DataEntry_SmartICT!I37<>"",DataEntry_SmartICT!I37,0)+IF(DataEntry_SmartICT!J37<>"",6-DataEntry_SmartICT!J37,0)+IF(DataEntry_SmartICT!K37<>"",DataEntry_SmartICT!K37,0)+IF(DataEntry_SmartICT!L37<>"",6-DataEntry_SmartICT!L37,0)+IF(DataEntry_SmartICT!M37<>"",DataEntry_SmartICT!M37,0)+IF(DataEntry_SmartICT!N37<>"",6-DataEntry_SmartICT!N37,0)+IF(DataEntry_SmartICT!O37<>"",6-DataEntry_SmartICT!O37,0)+IF(DataEntry_SmartICT!P37<>"",6-DataEntry_SmartICT!P37,0)+IF(DataEntry_SmartICT!Q37<>"",6-DataEntry_SmartICT!Q37,0)+IF(DataEntry_SmartICT!R37<>"",6-DataEntry_SmartICT!R37,0)+IF(DataEntry_SmartICT!S37<>"",6-DataEntry_SmartICT!S37,0)+IF(DataEntry_SmartICT!T37<>"",6-DataEntry_SmartICT!T37,0)+IF(DataEntry_SmartICT!U37<>"",6-DataEntry_SmartICT!U37,0)+IF(DataEntry_SmartICT!V37<>"",DataEntry_SmartICT!V37,0)+IF(DataEntry_SmartICT!W37<>"",DataEntry_SmartICT!W37,0)+IF(DataEntry_SmartICT!X37<>"",DataEntry_SmartICT!X37,0)+IF(DataEntry_SmartICT!Y37<>"",6-DataEntry_SmartICT!Y37,0)+IF(DataEntry_SmartICT!Z37<>"",6-DataEntry_SmartICT!Z37,0)+IF(DataEntry_SmartICT!AA37<>"",DataEntry_SmartICT!AA37,0)+IF(DataEntry_SmartICT!AB37<>"",DataEntry_SmartICT!AB37,0)+IF(DataEntry_SmartICT!AC37<>"",6-DataEntry_SmartICT!AC37,0)+IF(DataEntry_SmartICT!AD37<>"",DataEntry_SmartICT!AD37,0) -> 0 | K35: =IF(H35<>"",IFERROR(H35+J35,H35),"") -> 0 | L35: =IF(H35="","",IF(H35/35<=Configurazione!C21,"Trascurabile",IF(H35/35<=Configurazione!C22,"Moderato","Rilevante"))) -> Trascurabile | M35: =IF(J35=0,"N/A",IF(J35/27<=Configurazione!C26,"Trascurabile",IF(J35/27<=Configurazione!C27,"Moderato","Rilevante"))) -> N/A
A36: =DataEntry_Standard!A38 -> COMP-034 | B36: =DataEntry_Standard!C38 -> 0 | C36: =IF(DataEntry_Standard!D38<>"",DataEntry_Standard!D38,0)+IF(DataEntry_Standard!E38<>"",6-DataEntry_Standard!E38,0)+IF(DataEntry_Standard!F38<>"",6-DataEntry_Standard!F38,0)+IF(DataEntry_Standard!G38<>"",DataEntry_Standard!G38,0)+IF(DataEntry_Standard!H38<>"",6-DataEntry_Standard!H38,0)+IF(DataEntry_Standard!I38<>"",DataEntry_Standard!I38,0)+IF(DataEntry_Standard!J38<>"",DataEntry_Standard!J38,0)+IF(DataEntry_Standard!K38<>"",DataEntry_Standard!K38,0)+IF(DataEntry_Standard!L38<>"",DataEntry_Standard!L38,0)+IF(DataEntry_Standard!M38<>"",DataEntry_Standard!M38,0) -> 0 | D36: =IF(DataEntry_Standard!N38<>"",DataEntry_Standard!N38,0)+IF(DataEntry_Standard!O38<>"",DataEntry_Standard!O38,0)+IF(DataEntry_Standard!P38<>"",DataEntry_Standard!P38,0)+IF(DataEntry_Standard!Q38<>"",6-DataEntry_Standard!Q38,0)+IF(DataEntry_Standard!R38<>"",6-DataEntry_Standard!R38,0)+IF(DataEntry_Standard!S38<>"",6-DataEntry_Standard!S38,0)+IF(DataEntry_Standard!T38<>"",DataEntry_Standard!T38,0)+IF(DataEntry_Standard!U38<>"",DataEntry_Standard!U38,0)+IF(DataEntry_Standard!V38<>"",DataEntry_Standard!V38,0) -> 0 | E36: =IF(DataEntry_Standard!W38<>"",DataEntry_Standard!W38,0)+IF(DataEntry_Standard!X38<>"",6-DataEntry_Standard!X38,0)+IF(DataEntry_Standard!Y38<>"",6-DataEntry_Standard!Y38,0)+IF(DataEntry_Standard!Z38<>"",DataEntry_Standard!Z38,0)+IF(DataEntry_Standard!AA38<>"",6-DataEntry_Standard!AA38,0)+IF(DataEntry_Standard!AB38<>"",DataEntry_Standard!AB38,0)+IF(DataEntry_Standard!AC38<>"",DataEntry_Standard!AC38,0)+IF(DataEntry_Standard!AD38<>"",DataEntry_Standard!AD38,0) -> 0 | F36: =IF(DataEntry_Standard!AE38<>"",DataEntry_Standard!AE38,0)+IF(DataEntry_Standard!AF38<>"",DataEntry_Standard!AF38,0)+IF(DataEntry_Standard!AG38<>"",6-DataEntry_Standard!AG38,0)+IF(DataEntry_Standard!AH38<>"",DataEntry_Standard!AH38,0)+IF(DataEntry_Standard!AI38<>"",6-DataEntry_Standard!AI38,0) -> 0 | G36: =IF(DataEntry_Standard!AJ38<>"",DataEntry_Standard!AJ38,0)+IF(DataEntry_Standard!AK38<>"",6-DataEntry_Standard!AK38,0)+IF(DataEntry_Standard!AL38<>"",DataEntry_Standard!AL38,0) -> 0 | H36: =IF(A36<>"",C36+D36+E36+F36+G36,"") -> 0 | I36: =IF(DataEntry_Standard!D38>=4,1,0)+IF(DataEntry_Standard!G38>=4,1,0)+IF(DataEntry_Standard!I38>=4,1,0)+IF(DataEntry_Standard!J38>=4,1,0)+IF(DataEntry_Standard!K38>=4,1,0)+IF(DataEntry_Standard!L38>=4,1,0)+IF(DataEntry_Standard!M38>=4,1,0)+IF(DataEntry_Standard!N38>=4,1,0)+IF(DataEntry_Standard!O38>=4,1,0)+IF(DataEntry_Standard!P38>=4,1,0)+IF(DataEntry_Standard!T38>=4,1,0)+IF(DataEntry_Standard!U38>=4,1,0)+IF(DataEntry_Standard!V38>=4,1,0)+IF(DataEntry_Standard!W38>=4,1,0)+IF(DataEntry_Standard!Z38>=4,1,0)+IF(DataEntry_Standard!AB38>=4,1,0)+IF(DataEntry_Standard!AC38>=4,1,0)+IF(DataEntry_Standard!AD38>=4,1,0)+IF(DataEntry_Standard!AE38>=4,1,0)+IF(DataEntry_Standard!AF38>=4,1,0)+IF(DataEntry_Standard!AH38>=4,1,0)+IF(DataEntry_Standard!AJ38>=4,1,0)+IF(DataEntry_Standard!AL38>=4,1,0)+IF(DataEntry_Standard!AI38<=2,1,0)+IF(DataEntry_Standard!E38<=2,1,0)+IF(DataEntry_Standard!F38<=2,1,0)+IF(DataEntry_Standard!AK38<=2,1,0)+IF(DataEntry_Standard!H38<=2,1,0)+IF(DataEntry_Standard!Q38<=2,1,0)+IF(DataEntry_Standard!R38<=2,1,0)+IF(DataEntry_Standard!S38<=2,1,0)+IF(DataEntry_Standard!X38<=2,1,0)+IF(DataEntry_Standard!Y38<=2,1,0)+IF(DataEntry_Standard!AA38<=2,1,0)+IF(DataEntry_Standard!AG38<=2,1,0) -> 12 | J36: =IF(DataEntry_SmartICT!D38<>"",DataEntry_SmartICT!D38,0)+IF(DataEntry_SmartICT!E38<>"",DataEntry_SmartICT!E38,0)+IF(DataEntry_SmartICT!F38<>"",6-DataEntry_SmartICT!F38,0)+IF(DataEntry_SmartICT!G38<>"",6-DataEntry_SmartICT!G38,0)+IF(DataEntry_SmartICT!H38<>"",DataEntry_SmartICT!H38,0)+IF(DataEntry_SmartICT!I38<>"",DataEntry_SmartICT!I38,0)+IF(DataEntry_SmartICT!J38<>"",6-DataEntry_SmartICT!J38,0)+IF(DataEntry_SmartICT!K38<>"",DataEntry_SmartICT!K38,0)+IF(DataEntry_SmartICT!L38<>"",6-DataEntry_SmartICT!L38,0)+IF(DataEntry_SmartICT!M38<>"",DataEntry_SmartICT!M38,0)+IF(DataEntry_SmartICT!N38<>"",6-DataEntry_SmartICT!N38,0)+IF(DataEntry_SmartICT!O38<>"",6-DataEntry_SmartICT!O38,0)+IF(DataEntry_SmartICT!P38<>"",6-DataEntry_SmartICT!P38,0)+IF(DataEntry_SmartICT!Q38<>"",6-DataEntry_SmartICT!Q38,0)+IF(DataEntry_SmartICT!R38<>"",6-DataEntry_SmartICT!R38,0)+IF(DataEntry_SmartICT!S38<>"",6-DataEntry_SmartICT!S38,0)+IF(DataEntry_SmartICT!T38<>"",6-DataEntry_SmartICT!T38,0)+IF(DataEntry_SmartICT!U38<>"",6-DataEntry_SmartICT!U38,0)+IF(DataEntry_SmartICT!V38<>"",DataEntry_SmartICT!V38,0)+IF(DataEntry_SmartICT!W38<>"",DataEntry_SmartICT!W38,0)+IF(DataEntry_SmartICT!X38<>"",DataEntry_SmartICT!X38,0)+IF(DataEntry_SmartICT!Y38<>"",6-DataEntry_SmartICT!Y38,0)+IF(DataEntry_SmartICT!Z38<>"",6-DataEntry_SmartICT!Z38,0)+IF(DataEntry_SmartICT!AA38<>"",DataEntry_SmartICT!AA38,0)+IF(DataEntry_SmartICT!AB38<>"",DataEntry_SmartICT!AB38,0)+IF(DataEntry_SmartICT!AC38<>"",6-DataEntry_SmartICT!AC38,0)+IF(DataEntry_SmartICT!AD38<>"",DataEntry_SmartICT!AD38,0) -> 0 | K36: =IF(H36<>"",IFERROR(H36+J36,H36),"") -> 0 | L36: =IF(H36="","",IF(H36/35<=Configurazione!C21,"Trascurabile",IF(H36/35<=Configurazione!C22,"Moderato","Rilevante"))) -> Trascurabile | M36: =IF(J36=0,"N/A",IF(J36/27<=Configurazione!C26,"Trascurabile",IF(J36/27<=Configurazione!C27,"Moderato","Rilevante"))) -> N/A
A37: =DataEntry_Standard!A39 -> COMP-035 | B37: =DataEntry_Standard!C39 -> 0 | C37: =IF(DataEntry_Standard!D39<>"",DataEntry_Standard!D39,0)+IF(DataEntry_Standard!E39<>"",6-DataEntry_Standard!E39,0)+IF(DataEntry_Standard!F39<>"",6-DataEntry_Standard!F39,0)+IF(DataEntry_Standard!G39<>"",DataEntry_Standard!G39,0)+IF(DataEntry_Standard!H39<>"",6-DataEntry_Standard!H39,0)+IF(DataEntry_Standard!I39<>"",DataEntry_Standard!I39,0)+IF(DataEntry_Standard!J39<>"",DataEntry_Standard!J39,0)+IF(DataEntry_Standard!K39<>"",DataEntry_Standard!K39,0)+IF(DataEntry_Standard!L39<>"",DataEntry_Standard!L39,0)+IF(DataEntry_Standard!M39<>"",DataEntry_Standard!M39,0) -> 0 | D37: =IF(DataEntry_Standard!N39<>"",DataEntry_Standard!N39,0)+IF(DataEntry_Standard!O39<>"",DataEntry_Standard!O39,0)+IF(DataEntry_Standard!P39<>"",DataEntry_Standard!P39,0)+IF(DataEntry_Standard!Q39<>"",6-DataEntry_Standard!Q39,0)+IF(DataEntry_Standard!R39<>"",6-DataEntry_Standard!R39,0)+IF(DataEntry_Standard!S39<>"",6-DataEntry_Standard!S39,0)+IF(DataEntry_Standard!T39<>"",DataEntry_Standard!T39,0)+IF(DataEntry_Standard!U39<>"",DataEntry_Standard!U39,0)+IF(DataEntry_Standard!V39<>"",DataEntry_Standard!V39,0) -> 0 | E37: =IF(DataEntry_Standard!W39<>"",DataEntry_Standard!W39,0)+IF(DataEntry_Standard!X39<>"",6-DataEntry_Standard!X39,0)+IF(DataEntry_Standard!Y39<>"",6-DataEntry_Standard!Y39,0)+IF(DataEntry_Standard!Z39<>"",DataEntry_Standard!Z39,0)+IF(DataEntry_Standard!AA39<>"",6-DataEntry_Standard!AA39,0)+IF(DataEntry_Standard!AB39<>"",DataEntry_Standard!AB39,0)+IF(DataEntry_Standard!AC39<>"",DataEntry_Standard!AC39,0)+IF(DataEntry_Standard!AD39<>"",DataEntry_Standard!AD39,0) -> 0 | F37: =IF(DataEntry_Standard!AE39<>"",DataEntry_Standard!AE39,0)+IF(DataEntry_Standard!AF39<>"",DataEntry_Standard!AF39,0)+IF(DataEntry_Standard!AG39<>"",6-DataEntry_Standard!AG39,0)+IF(DataEntry_Standard!AH39<>"",DataEntry_Standard!AH39,0)+IF(DataEntry_Standard!AI39<>"",6-DataEntry_Standard!AI39,0) -> 0 | G37: =IF(DataEntry_Standard!AJ39<>"",DataEntry_Standard!AJ39,0)+IF(DataEntry_Standard!AK39<>"",6-DataEntry_Standard!AK39,0)+IF(DataEntry_Standard!AL39<>"",DataEntry_Standard!AL39,0) -> 0 | H37: =IF(A37<>"",C37+D37+E37+F37+G37,"") -> 0 | I37: =IF(DataEntry_Standard!D39>=4,1,0)+IF(DataEntry_Standard!G39>=4,1,0)+IF(DataEntry_Standard!I39>=4,1,0)+IF(DataEntry_Standard!J39>=4,1,0)+IF(DataEntry_Standard!K39>=4,1,0)+IF(DataEntry_Standard!L39>=4,1,0)+IF(DataEntry_Standard!M39>=4,1,0)+IF(DataEntry_Standard!N39>=4,1,0)+IF(DataEntry_Standard!O39>=4,1,0)+IF(DataEntry_Standard!P39>=4,1,0)+IF(DataEntry_Standard!T39>=4,1,0)+IF(DataEntry_Standard!U39>=4,1,0)+IF(DataEntry_Standard!V39>=4,1,0)+IF(DataEntry_Standard!W39>=4,1,0)+IF(DataEntry_Standard!Z39>=4,1,0)+IF(DataEntry_Standard!AB39>=4,1,0)+IF(DataEntry_Standard!AC39>=4,1,0)+IF(DataEntry_Standard!AD39>=4,1,0)+IF(DataEntry_Standard!AE39>=4,1,0)+IF(DataEntry_Standard!AF39>=4,1,0)+IF(DataEntry_Standard!AH39>=4,1,0)+IF(DataEntry_Standard!AJ39>=4,1,0)+IF(DataEntry_Standard!AL39>=4,1,0)+IF(DataEntry_Standard!AI39<=2,1,0)+IF(DataEntry_Standard!E39<=2,1,0)+IF(DataEntry_Standard!F39<=2,1,0)+IF(DataEntry_Standard!AK39<=2,1,0)+IF(DataEntry_Standard!H39<=2,1,0)+IF(DataEntry_Standard!Q39<=2,1,0)+IF(DataEntry_Standard!R39<=2,1,0)+IF(DataEntry_Standard!S39<=2,1,0)+IF(DataEntry_Standard!X39<=2,1,0)+IF(DataEntry_Standard!Y39<=2,1,0)+IF(DataEntry_Standard!AA39<=2,1,0)+IF(DataEntry_Standard!AG39<=2,1,0) -> 12 | J37: =IF(DataEntry_SmartICT!D39<>"",DataEntry_SmartICT!D39,0)+IF(DataEntry_SmartICT!E39<>"",DataEntry_SmartICT!E39,0)+IF(DataEntry_SmartICT!F39<>"",6-DataEntry_SmartICT!F39,0)+IF(DataEntry_SmartICT!G39<>"",6-DataEntry_SmartICT!G39,0)+IF(DataEntry_SmartICT!H39<>"",DataEntry_SmartICT!H39,0)+IF(DataEntry_SmartICT!I39<>"",DataEntry_SmartICT!I39,0)+IF(DataEntry_SmartICT!J39<>"",6-DataEntry_SmartICT!J39,0)+IF(DataEntry_SmartICT!K39<>"",DataEntry_SmartICT!K39,0)+IF(DataEntry_SmartICT!L39<>"",6-DataEntry_SmartICT!L39,0)+IF(DataEntry_SmartICT!M39<>"",DataEntry_SmartICT!M39,0)+IF(DataEntry_SmartICT!N39<>"",6-DataEntry_SmartICT!N39,0)+IF(DataEntry_SmartICT!O39<>"",6-DataEntry_SmartICT!O39,0)+IF(DataEntry_SmartICT!P39<>"",6-DataEntry_SmartICT!P39,0)+IF(DataEntry_SmartICT!Q39<>"",6-DataEntry_SmartICT!Q39,0)+IF(DataEntry_SmartICT!R39<>"",6-DataEntry_SmartICT!R39,0)+IF(DataEntry_SmartICT!S39<>"",6-DataEntry_SmartICT!S39,0)+IF(DataEntry_SmartICT!T39<>"",6-DataEntry_SmartICT!T39,0)+IF(DataEntry_SmartICT!U39<>"",6-DataEntry_SmartICT!U39,0)+IF(DataEntry_SmartICT!V39<>"",DataEntry_SmartICT!V39,0)+IF(DataEntry_SmartICT!W39<>"",DataEntry_SmartICT!W39,0)+IF(DataEntry_SmartICT!X39<>"",DataEntry_SmartICT!X39,0)+IF(DataEntry_SmartICT!Y39<>"",6-DataEntry_SmartICT!Y39,0)+IF(DataEntry_SmartICT!Z39<>"",6-DataEntry_SmartICT!Z39,0)+IF(DataEntry_SmartICT!AA39<>"",DataEntry_SmartICT!AA39,0)+IF(DataEntry_SmartICT!AB39<>"",DataEntry_SmartICT!AB39,0)+IF(DataEntry_SmartICT!AC39<>"",6-DataEntry_SmartICT!AC39,0)+IF(DataEntry_SmartICT!AD39<>"",DataEntry_SmartICT!AD39,0) -> 0 | K37: =IF(H37<>"",IFERROR(H37+J37,H37),"") -> 0 | L37: =IF(H37="","",IF(H37/35<=Configurazione!C21,"Trascurabile",IF(H37/35<=Configurazione!C22,"Moderato","Rilevante"))) -> Trascurabile | M37: =IF(J37=0,"N/A",IF(J37/27<=Configurazione!C26,"Trascurabile",IF(J37/27<=Configurazione!C27,"Moderato","Rilevante"))) -> N/A
